Workbook

Sheet 说明
A1: 16S 6 扩增子 5′重叠布局：33 条池订购清单
A3: 组成：每位点 1–3 条主引物 + 补充引物（后缀 s）；A1-F 用 Swift SNAP 的 V1_f（后缀 .SNAP，9–27）。共 33 条、212 个展开序列。
A4: 评估（与此前 B/C 方案同一评估器）：J 0.9182，准确率 0.9432，扩增子覆盖 0.8833，支原体≥3 扩增子 0.9280。
A5: 订购清单：蓝色为输入（序列、展开数、每位点总量）；加入体积按展开数分配，有补充引物的位点主引物占 90%、补充占 10%。每位点总量默认 2.5 µL（100 µM 母液；100 µL 10× 混合物），可在“订购清单”B1 修改。
A6: 简并碱基：R=A/G Y=C/T S=G/C W=A/T K=G/T M=A/C B=C/G/T D=A/G/T H=A/C/T V=A/C/G N=任意。订购时请选“混合碱基”合成，不要拆成单条。
A7: Tm：50 mM Na⁺、2 mM Mg²⁺、0.2 mM dNTP、250 nM 引物，按所有展开序列取范围。人基因组脱靶：hg19，≤2 错配、3′端 8 nt 完全匹配；A1-F.SNAP 未单独扫描；猪基因组需另行扫描。
A8: 已知弱点：Neisseria 的 A1 约 25%、A5 约 75%；Veillonella 的 A1–A5 在 71–89%；Blautia/Ruminococcus 的 A1 约 79%；古菌基本不被扩增；Bifidobacterium 的 A1 因 8–19 位缺数据无法在扩增子层面评估（位点层面见补充 A1-R.9s）。

Sheet 订购清单
A1: 每位点总量 µL（可改） | B1: 2.5
A3: 序号 | B3: 名称 | C3: 位点 | D3: 类型 | E3: 5′→3′序列 | F3: 位置 | G3: 长度nt | H3: 展开数 | I3: Tm范围°C | J3: 人基因组≤2错配位点数 | K3: 组 | L3: 占位点比例 | M3: 加入体积 µL | N3: 备注
A4: 1 | B4: 16S-A1-F.SNAP | C4: A1-F | D4: 主引物（SNAP V1_f） | E4: GAGTTTGATCMTGGCTCAG | F4: 9–27 | G4: 19 | H4: 2 | I4: 57.1–58.9 | J4: 未单独扫描（此前评估比 A1-F.1–.3 低约 10 倍） | K4: 主 | L4: =IF(COUNTIFS($C$4:$C$36,C4,$K$4:$K$36,"补")=0,1,IF(K4="补",0.1,0.9))*H4/SUMIFS($H$4:$H$36,$C$4:$C$36,C4,$K$4:$K$36,K4) | M4: =L4*$B$1 | N4: Swift SNAP V1_f（9–27），替代 A1-F.1–.3，人基因组脱靶更低
A5: 2 | B5: 16S-A1-R.1 | C5: A1-R | D5: 主引物 | E5: GTTACCYCACCAACWARCT | F5: 246–264 | G5: 19 | H5: 8 | I5: 55.1–61.3 | J5: 49 | K5: 主 | L5: =IF(COUNTIFS($C$4:$C$36,C5,$K$4:$K$36,"补")=0,1,IF(K5="补",0.1,0.9))*H5/SUMIFS($H$4:$H$36,$C$4:$C$36,C5,$K$4:$K$36,K5) | M5: =L5*$B$1
A6: 3 | B6: 16S-A1-R.2 | C6: A1-R | D6: 主引物 | E6: GTTACCCCRCCAACTABCT | F6: 246–264 | G6: 19 | H6: 6 | I6: 57.1–63.1 | J6: 18 | K6: 主 | L6: =IF(COUNTIFS($C$4:$C$36,C6,$K$4:$K$36,"补")=0,1,IF(K6="补",0.1,0.9))*H6/SUMIFS($H$4:$H$36,$C$4:$C$36,C6,$K$4:$K$36,K6) | M6: =L6*$B$1
A7: 4 | B7: 16S-A1-R.3 | C7: A1-R | D7: 主引物 | E7: CGTTACCYTACCAACTARYT | F7: 246–265 | G7: 20 | H7: 8 | I7: 54.0–59.9 | J7: 10 | K7: 主 | L7: =IF(COUNTIFS($C$4:$C$36,C7,$K$4:$K$36,"补")=0,1,IF(K7="补",0.1,0.9))*H7/SUMIFS($H$4:$H$36,$C$4:$C$36,C7,$K$4:$K$36,K7) | M7: =L7*$B$1
A8: 5 | B8: 16S-A1-R.4 | C8: A1-R | D8: 主引物 | E8: CATTACCCYACCAACTARYT | F8: 246–265 | G8: 20 | H8: 8 | I8: 53.3–60.5 | J8: 25 | K8: 主 | L8: =IF(COUNTIFS($C$4:$C$36,C8,$K$4:$K$36,"补")=0,1,IF(K8="补",0.1,0.9))*H8/SUMIFS($H$4:$H$36,$C$4:$C$36,C8,$K$4:$K$36,K8) | M8: =L8*$B$1
A9: 6 | B9: 16S-A1-R.7s | C9: A1-R | D9: 补充 | E9: GTTACCCCGCCRWCWAGCT | F9: 246–264 | G9: 19 | H9: 8 | I9: 62.6–66.3 | J9: 12 | K9: 补 | L9: =IF(COUNTIFS($C$4:$C$36,C9,$K$4:$K$36,"补")=0,1,IF(K9="补",0.1,0.9))*H9/SUMIFS($H$4:$H$36,$C$4:$C$36,C9,$K$4:$K$36,K9) | M9: =L9*$B$1 | N9: Prevotella/拟杆菌门
A10: 7 | B10: 16S-A1-R.8s | C10: A1-R | D10: 补充 | E10: GTTACCCCGCCWRCTRCCT | F10: 246–264 | G10: 19 | H10: 8 | I10: 61.5–68.6 | J10: 43 | K10: 补 | L10: =IF(COUNTIFS($C$4:$C$36,C10,$K$4:$K$36,"补")=0,1,IF(K10="补",0.1,0.9))*H10/SUMIFS($H$4:$H$36,$C$4:$C$36,C10,$K$4:$K$36,K10) | M10: =L10*$B$1 | N10: Prevotella/拟杆菌门
A11: 8 | B11: 16S-A1-R.9s | C11: A1-R | D11: 补充 | E11: GTCACCCCGCCAWCAAGCT | F11: 246–264 | G11: 19 | H11: 2 | I11: 66.4–66.9 | J11: 5 | K11: 补 | L11: =IF(COUNTIFS($C$4:$C$36,C11,$K$4:$K$36,"补")=0,1,IF(K11="补",0.1,0.9))*H11/SUMIFS($H$4:$H$36,$C$4:$C$36,C11,$K$4:$K$36,K11) | M11: =L11*$B$1 | N11: Bifidobacterium
A12: 9 | B12: 16S-A2-F.1 | C12: A2-F | D12: 主引物 | E12: CAYKGGGACTGAGACACKG | F12: 314–332 | G12: 19 | H12: 8 | I12: 58.8–65.9 | J12: 95 | K12: 主 | L12: =IF(COUNTIFS($C$4:$C$36,C12,$K$4:$K$36,"补")=0,1,IF(K12="补",0.1,0.9))*H12/SUMIFS($H$4:$H$36,$C$4:$C$36,C12,$K$4:$K$36,K12) | M12: =L12*$B$1
A13: 10 | B13: 16S-A2-F.2 | C13: A2-F | D13: 主引物 | E13: CACTGGRACTGARAYACGG | F13: 314–332 | G13: 19 | H13: 8 | I13: 57.0–63.3 | J13: 27 | K13: 主 | L13: =IF(COUNTIFS($C$4:$C$36,C13,$K$4:$K$36,"补")=0,1,IF(K13="补",0.1,0.9))*H13/SUMIFS($H$4:$H$36,$C$4:$C$36,C13,$K$4:$K$36,K13) | M13: =L13*$B$1
A14: 11 | B14: 16S-A2-F.3 | C14: A2-F | D14: 主引物 | E14: CARKGGRACTGAGACACGG | F14: 314–332 | G14: 19 | H14: 8 | I14: 59.5–65.4 | J14: 36 | K14: 主 | L14: =IF(COUNTIFS($C$4:$C$36,C14,$K$4:$K$36,"补")=0,1,IF(K14="补",0.1,0.9))*H14/SUMIFS($H$4:$H$36,$C$4:$C$36,C14,$K$4:$K$36,K14) | M14: =L14*$B$1
A15: 12 | B15: 16S-A2-R.1 | C15: A2-R | D15: 主引物 | E15: GCTGGCACGKARTTAGCCR | F15: 504–522 | G15: 19 | H15: 8 | I15: 61.9–67.2 | J15: 28 | K15: 主 | L15: =IF(COUNTIFS($C$4:$C$36,C15,$K$4:$K$36,"补")=0,1,IF(K15="补",0.1,0.9))*H15/SUMIFS($H$4:$H$36,$C$4:$C$36,C15,$K$4:$K$36,K15) | M15: =L15*$B$1
A16: 13 | B16: 16S-A2-R.2 | C16: A2-R | D16: 主引物 | E16: GCTGGCACGAASTTAGYCS | F16: 504–522 | G16: 19 | H16: 8 | I16: 62.1–65.3 | J16: 7 | K16: 主 | L16: =IF(COUNTIFS($C$4:$C$36,C16,$K$4:$K$36,"补")=0,1,IF(K16="补",0.1,0.9))*H16/SUMIFS($H$4:$H$36,$C$4:$C$36,C16,$K$4:$K$36,K16) | M16: =L16*$B$1
A17: 14 | B17: 16S-A2-R.3 | C17: A2-R | D17: 主引物 | E17: GCTGGCACAKAGTTAGYYG | F17: 504–522 | G17: 19 | H17: 8 | I17: 57.4–64.7 | J17: 41 | K17: 主 | L17: =IF(COUNTIFS($C$4:$C$36,C17,$K$4:$K$36,"补")=0,1,IF(K17="补",0.1,0.9))*H17/SUMIFS($H$4:$H$36,$C$4:$C$36,C17,$K$4:$K$36,K17) | M17: =L17*$B$1
A18: 15 | B18: 16S-A3-F.1 | C18: A3-F | D18: 主引物 | E18: CCAGCAGCCGCGGTAABWC | F18: 518–536 | G18: 19 | H18: 6 | I18: 64.8–67.8 | J18: 10 | K18: 主 | L18: =IF(COUNTIFS($C$4:$C$36,C18,$K$4:$K$36,"补")=0,1,IF(K18="补",0.1,0.9))*H18/SUMIFS($H$4:$H$36,$C$4:$C$36,C18,$K$4:$K$36,K18) | M18: =L18*$B$1
A19: 16 | B19: 16S-A3-F.2 | C19: A3-F | D19: 主引物 | E19: CCAGCAGCCGCGGTAAAAC | F19: 518–536 | G19: 19 | H19: 1 | I19: 65.9–65.9 | J19: 2 | K19: 主 | L19: =IF(COUNTIFS($C$4:$C$36,C19,$K$4:$K$36,"补")=0,1,IF(K19="补",0.1,0.9))*H19/SUMIFS($H$4:$H$36,$C$4:$C$36,C19,$K$4:$K$36,K19) | M19: =L19*$B$1
A20: 17 | B20: 16S-A3-R.1 | C20: A3-R | D20: 主引物 | E20: TCTAATCCYGTTYGCTMCC | F20: 774–792 | G20: 19 | H20: 8 | I20: 55.2–62.6 | J20: 53 | K20: 主 | L20: =IF(COUNTIFS($C$4:$C$36,C20,$K$4:$K$36,"补")=0,1,IF(K20="补",0.1,0.9))*H20/SUMIFS($H$4:$H$36,$C$4:$C$36,C20,$K$4:$K$36,K20) | M20: =L20*$B$1
A21: 18 | B21: 16S-A4-F.1 | C21: A4-F | D21: 主引物 | E21: GATTAGAKACCCYGGTAGTCY | F21: 786–806 | G21: 21 | H21: 8 | I21: 56.5–62.3 | J21: 1 | K21: 主 | L21: =IF(COUNTIFS($C$4:$C$36,C21,$K$4:$K$36,"补")=0,1,IF(K21="补",0.1,0.9))*H21/SUMIFS($H$4:$H$36,$C$4:$C$36,C21,$K$4:$K$36,K21) | M21: =L21*$B$1
A22: 19 | B22: 16S-A4-R.1 | C22: A4-R | D22: 主引物 | E22: CGCGTWGCATCGAATTAADC | F22: 954–973 | G22: 20 | H22: 6 | I22: 58.6–62.3 | J22: 1 | K22: 主 | L22: =IF(COUNTIFS($C$4:$C$36,C22,$K$4:$K$36,"补")=0,1,IF(K22="补",0.1,0.9))*H22/SUMIFS($H$4:$H$36,$C$4:$C$36,C22,$K$4:$K$36,K22) | M22: =L22*$B$1
A23: 20 | B23: 16S-A4-R.2 | C23: A4-R | D23: 主引物 | E23: CGCGTWKCKTCGAATTAAAC | F23: 954–973 | G23: 20 | H23: 8 | I23: 56.4–62.5 | J23: 0 | K23: 主 | L23: =IF(COUNTIFS($C$4:$C$36,C23,$K$4:$K$36,"补")=0,1,IF(K23="补",0.1,0.9))*H23/SUMIFS($H$4:$H$36,$C$4:$C$36,C23,$K$4:$K$36,K23) | M23: =L23*$B$1
A24: 21 | B24: 16S-A4-R.4s | C24: A4-R | D24: 补充 | E24: CGTGTATYRTCGAATTAARC | F24: 954–973 | G24: 20 | H24: 8 | I24: 51.2–58.2 | J24: 6 | K24: 补 | L24: =IF(COUNTIFS($C$4:$C$36,C24,$K$4:$K$36,"补")=0,1,IF(K24="补",0.1,0.9))*H24/SUMIFS($H$4:$H$36,$C$4:$C$36,C24,$K$4:$K$36,K24) | M24: =L24*$B$1 | N24: Mycoplasma/Ureaplasma
A25: 22 | B25: 16S-A4-R.5s | C25: A4-R | D25: 补充 | E25: CGCGTABCTTCRAATTAAAC | F25: 954–973 | G25: 20 | H25: 6 | I25: 54.4–59.0 | J25: 1 | K25: 补 | L25: =IF(COUNTIFS($C$4:$C$36,C25,$K$4:$K$36,"补")=0,1,IF(K25="补",0.1,0.9))*H25/SUMIFS($H$4:$H$36,$C$4:$C$36,C25,$K$4:$K$36,K25) | M25: =L25*$B$1 | N25: Mycoplasma/Ureaplasma
A26: 23 | B26: 16S-A5-F.1 | C26: A5-F | D26: 主引物 | E26: MWACGCGARGAACCTTACC | F26: 967–985 | G26: 19 | H26: 8 | I26: 58.3–62.1 | J26: 9 | K26: 主 | L26: =IF(COUNTIFS($C$4:$C$36,C26,$K$4:$K$36,"补")=0,1,IF(K26="补",0.1,0.9))*H26/SUMIFS($H$4:$H$36,$C$4:$C$36,C26,$K$4:$K$36,K26) | M26: =L26*$B$1
A27: 24 | B27: 16S-A5-F.3 | C27: A5-F | D27: 主引物 | E27: RTACMCGAARAACCTTACC | F27: 967–985 | G27: 19 | H27: 8 | I27: 53.9–58.2 | J27: 18 | K27: 主 | L27: =IF(COUNTIFS($C$4:$C$36,C27,$K$4:$K$36,"补")=0,1,IF(K27="补",0.1,0.9))*H27/SUMIFS($H$4:$H$36,$C$4:$C$36,C27,$K$4:$K$36,K27) | M27: =L27*$B$1
A28: 25 | B28: 16S-A5-R.1 | C28: A5-R | D28: 主引物 | E28: ATGMTGAYTTGACGTCRTC | F28: 1188–1206 | G28: 19 | H28: 8 | I28: 54.2–61.5 | J28: A5-R 两条合计 10 | K28: 主 | L28: =IF(COUNTIFS($C$4:$C$36,C28,$K$4:$K$36,"补")=0,1,IF(K28="补",0.1,0.9))*H28/SUMIFS($H$4:$H$36,$C$4:$C$36,C28,$K$4:$K$36,K28) | M28: =L28*$B$1 | N28: 起点 1188，人基因组命中比旧 A5-R 少约 99%
A29: 26 | B29: 16S-A5-R.2 | C29: A5-R | D29: 主引物 | E29: ATRCTGACYTGACGTCRTC | F29: 1188–1206 | G29: 19 | H29: 8 | I29: 55.4–63.4 | J29: A5-R 两条合计 10 | K29: 主 | L29: =IF(COUNTIFS($C$4:$C$36,C29,$K$4:$K$36,"补")=0,1,IF(K29="补",0.1,0.9))*H29/SUMIFS($H$4:$H$36,$C$4:$C$36,C29,$K$4:$K$36,K29) | M29: =L29*$B$1 | N29: 同上
A30: 27 | B30: 16S-A6-F.1 | C30: A6-F | D30: 主引物 | E30: GGCTRCACACRTGCTACAA | F30: 1222–1240 | G30: 19 | H30: 4 | I30: 58.8–64.9 | J30: 40 | K30: 主 | L30: =IF(COUNTIFS($C$4:$C$36,C30,$K$4:$K$36,"补")=0,1,IF(K30="补",0.1,0.9))*H30/SUMIFS($H$4:$H$36,$C$4:$C$36,C30,$K$4:$K$36,K30) | M30: =L30*$B$1
A31: 28 | B31: 16S-A6-F.2 | C31: A6-F | D31: 主引物 | E31: GGCKACACACGTGMTACAA | F31: 1222–1240 | G31: 19 | H31: 4 | I31: 58.6–64.5 | J31: 17 | K31: 主 | L31: =IF(COUNTIFS($C$4:$C$36,C31,$K$4:$K$36,"补")=0,1,IF(K31="补",0.1,0.9))*H31/SUMIFS($H$4:$H$36,$C$4:$C$36,C31,$K$4:$K$36,K31) | M31: =L31*$B$1
A32: 29 | B32: 16S-A6-F.3 | C32: A6-F | D32: 主引物 | E32: GGCTWCACGCGTGCTACAW | F32: 1222–1240 | G32: 19 | H32: 4 | I32: 64.1–64.9 | J32: 1 | K32: 主 | L32: =IF(COUNTIFS($C$4:$C$36,C32,$K$4:$K$36,"补")=0,1,IF(K32="补",0.1,0.9))*H32/SUMIFS($H$4:$H$36,$C$4:$C$36,C32,$K$4:$K$36,K32) | M32: =L32*$B$1
A33: 30 | B33: 16S-A6-F.4s | C33: A6-F | D33: 补充 | E33: GGCYWCACACGTACTACAA | F33: 1222–1240 | G33: 19 | H33: 4 | I33: 57.9–61.0 | J33: 11 | K33: 补 | L33: =IF(COUNTIFS($C$4:$C$36,C33,$K$4:$K$36,"补")=0,1,IF(K33="补",0.1,0.9))*H33/SUMIFS($H$4:$H$36,$C$4:$C$36,C33,$K$4:$K$36,K33) | M33: =L33*$B$1 | N33: Oscillospira/Ruminococcus/Faecalibacterium
A34: 31 | B34: 16S-A6-F.5s | C34: A6-F | D34: 补充 | E34: GGCTTCACACGTCATACAA | F34: 1222–1240 | G34: 19 | H34: 1 | I34: 59.2–59.2 | J34: 9 | K34: 补 | L34: =IF(COUNTIFS($C$4:$C$36,C34,$K$4:$K$36,"补")=0,1,IF(K34="补",0.1,0.9))*H34/SUMIFS($H$4:$H$36,$C$4:$C$36,C34,$K$4:$K$36,K34) | M34: =L34*$B$1 | N34: Neisseria
A35: 32 | B35: 16S-A6-R.1 | C35: A6-R | D35: 主引物 | E35: CTTGTTACGACTTCRYCCY | F35: 1486–1504 | G35: 19 | H35: 8 | I35: 55.6–62.1 | J35: 28 | K35: 主 | L35: =IF(COUNTIFS($C$4:$C$36,C35,$K$4:$K$36,"补")=0,1,IF(K35="补",0.1,0.9))*H35/SUMIFS($H$4:$H$36,$C$4:$C$36,C35,$K$4:$K$36,K35) | M35: =L35*$B$1
A36: 33 | B36: 16S-A6-R.3 | C36: A6-R | D36: 主引物 | E36: CCTTGTTACGACTTMACHCC | F36: 1486–1505 | G36: 20 | H36: 6 | I36: 56.9–61.7 | J36: 9 | K36: 主 | L36: =IF(COUNTIFS($C$4:$C$36,C36,$K$4:$K$36,"补")=0,1,IF(K36="补",0.1,0.9))*H36/SUMIFS($H$4:$H$36,$C$4:$C$36,C36,$K$4:$K$36,K36) | M36: =L36*$B$1
B38: 合计 | H38: =SUM(H4:H36) | M38: =SUM(M4:M36)

Sheet 位点汇总
A1: 位点 | B1: 引物数 | C1: 展开数 | D1: 加入体积 µL（合计） | E1: 覆盖区域
A2: A1-F | B2: =COUNTIF('订购清单'!$C$4:$C$36,A2) | C2: =SUMIFS('订购清单'!$H$4:$H$36,'订购清单'!$C$4:$C$36,A2) | D2: =SUMIFS('订购清单'!$M$4:$M$36,'订购清单'!$C$4:$C$36,A2) | E2: 8/9–27
A3: A1-R | B3: =COUNTIF('订购清单'!$C$4:$C$36,A3) | C3: =SUMIFS('订购清单'!$H$4:$H$36,'订购清单'!$C$4:$C$36,A3) | D3: =SUMIFS('订购清单'!$M$4:$M$36,'订购清单'!$C$4:$C$36,A3) | E3: 246–265
A4: A2-F | B4: =COUNTIF('订购清单'!$C$4:$C$36,A4) | C4: =SUMIFS('订购清单'!$H$4:$H$36,'订购清单'!$C$4:$C$36,A4) | D4: =SUMIFS('订购清单'!$M$4:$M$36,'订购清单'!$C$4:$C$36,A4) | E4: 314–332
A5: A2-R | B5: =COUNTIF('订购清单'!$C$4:$C$36,A5) | C5: =SUMIFS('订购清单'!$H$4:$H$36,'订购清单'!$C$4:$C$36,A5) | D5: =SUMIFS('订购清单'!$M$4:$M$36,'订购清单'!$C$4:$C$36,A5) | E5: 504–522
A6: A3-F | B6: =COUNTIF('订购清单'!$C$4:$C$36,A6) | C6: =SUMIFS('订购清单'!$H$4:$H$36,'订购清单'!$C$4:$C$36,A6) | D6: =SUMIFS('订购清单'!$M$4:$M$36,'订购清单'!$C$4:$C$36,A6) | E6: 518–536（515F 型）
A7: A3-R | B7: =COUNTIF('订购清单'!$C$4:$C$36,A7) | C7: =SUMIFS('订购清单'!$H$4:$H$36,'订购清单'!$C$4:$C$36,A7) | D7: =SUMIFS('订购清单'!$M$4:$M$36,'订购清单'!$C$4:$C$36,A7) | E7: 774–792
A8: A4-F | B8: =COUNTIF('订购清单'!$C$4:$C$36,A8) | C8: =SUMIFS('订购清单'!$H$4:$H$36,'订购清单'!$C$4:$C$36,A8) | D8: =SUMIFS('订购清单'!$M$4:$M$36,'订购清单'!$C$4:$C$36,A8) | E8: 788–806（785F 型）
A9: A4-R | B9: =COUNTIF('订购清单'!$C$4:$C$36,A9) | C9: =SUMIFS('订购清单'!$H$4:$H$36,'订购清单'!$C$4:$C$36,A9) | D9: =SUMIFS('订购清单'!$M$4:$M$36,'订购清单'!$C$4:$C$36,A9) | E9: 954–972
A10: A5-F | B10: =COUNTIF('订购清单'!$C$4:$C$36,A10) | C10: =SUMIFS('订购清单'!$H$4:$H$36,'订购清单'!$C$4:$C$36,A10) | D10: =SUMIFS('订购清单'!$M$4:$M$36,'订购清单'!$C$4:$C$36,A10) | E10: 967–985
A11: A5-R | B11: =COUNTIF('订购清单'!$C$4:$C$36,A11) | C11: =SUMIFS('订购清单'!$H$4:$H$36,'订购清单'!$C$4:$C$36,A11) | D11: =SUMIFS('订购清单'!$M$4:$M$36,'订购清单'!$C$4:$C$36,A11) | E11: 1188–1206
A12: A6-F | B12: =COUNTIF('订购清单'!$C$4:$C$36,A12) | C12: =SUMIFS('订购清单'!$H$4:$H$36,'订购清单'!$C$4:$C$36,A12) | D12: =SUMIFS('订购清单'!$M$4:$M$36,'订购清单'!$C$4:$C$36,A12) | E12: 1222–1240
A13: A6-R | B13: =COUNTIF('订购清单'!$C$4:$C$36,A13) | C13: =SUMIFS('订购清单'!$H$4:$H$36,'订购清单'!$C$4:$C$36,A13) | D13: =SUMIFS('订购清单'!$M$4:$M$36,'订购清单'!$C$4:$C$36,A13) | E13: 1486–1504
A14: 合计 | B14: =SUM(B2:B13) | C14: =SUM(C2:C13) | D14: =SUM(D2:D13)

Sheet 扩增子
A1: 扩增子 | B1: 区域 | C1: 正向引物位点 | D1: 反向引物位点 | E1: 扩增子范围 | F1: 长度 bp（约） | G1: 2×150 内联 UDP 可读通
A2: A1 | B2: V1·V2 | C2: 8/9–27 | D2: 246–265 | E2: 9–264 | F2: 256 | G2: =IF(F2<=280,"是","基本（中间 "&(F2-280)&" bp 未读到）")
A3: A2 | B3: V3 | C3: 314–332 | D3: 504–522 | E3: 314–522 | F3: 209 | G3: =IF(F3<=280,"是","基本（中间 "&(F3-280)&" bp 未读到）")
A4: A3 | B4: V4 | C4: 518–536 | D4: 774–792 | E4: 518–792 | F4: 275 | G4: =IF(F4<=280,"是","基本（中间 "&(F4-280)&" bp 未读到）")
A5: A4 | B5: V5 | C5: 788–806 | D5: 954–972 | E5: 788–972 | F5: 185 | G5: =IF(F5<=280,"是","基本（中间 "&(F5-280)&" bp 未读到）")
A6: A5 | B6: V6·V7 | C6: 967–985 | D6: 1188–1206 | E6: 967–1206 | F6: 240 | G6: =IF(F6<=280,"是","基本（中间 "&(F6-280)&" bp 未读到）")
A7: A6 | B7: V8·V9 | C7: 1222–1240 | D7: 1486–1504 | E7: 1222–1504 | F7: 283 | G7: =IF(F7<=280,"是","基本（中间 "&(F7-280)&" bp 未读到）")
A9: 相邻扩增子的引物位点 5′端重叠 5–6 nt（如 A3 反向 774–792 与 A4 正向 788–806），3′端不重叠，管内无短于 185 bp 的交叉产物。注意 A5 长度因 A5-R 换为 1188 版而增加到约 240 bp；A4-R 为 954–972。
