Workbook

Sheet 说明
A1: 16S 6 扩增子 5′重叠布局：33 条池订购清单（v3：低 GC 引物延长 + 双歧杆菌补充）
A3: 相对 v2 的修改：① 8 条引物在 5′端延长 1–2 nt（A1-R.3、A1-R.4、A2-R.3、A6-F.1、A6-F.4s、A6-F.5s、A6-R.1、A6-R.3），使 58 °C 下 Olivar 的 dG≤−11.8 的展开序列比例由 46% 升到 55%；A4 系列、A3-R.1、A1-R.1/.2、A1-F.SNAP、A5-F、A5-R 延长后会明显损失 J 或覆盖，未延长。② 新增 16S-A1-F.6s（GGGTTYGATTCTGGCTCAG，9–27）补双歧杆菌。黄色底为改动行。
A4: 组成：33 条、198 个展开序列。
A5: 评估：J 0.9144（与 v2 相同），扩增子覆盖 0.8769，支原体≥3 扩增子 0.9245；Olivar 总坏度 35652（v2 为 35447，+0.6%）。
A6: 二聚体（v3 用 primer3 重算，60 °C，198 个展开序列两两）：全局最差 ΔG −5.4 kcal/mol（A3-F.1 自身），没有 ≤−6 的配对；3′端锚定最差 −3.6（A2-R.2 × A6-F.4s），没有 ≤−4 的有向配对。Olivar 总坏度 35652（v2 为 35447）。这些计算不含接头和 UDP。
A7: 订购清单：蓝色为输入（序列、展开数、每位点总量）；加入体积按展开数分配，有补充引物的位点主引物占 90%、补充占 10%。每位点总量默认 2.5 µL（100 µM 母液；100 µL 10× 混合物），可在“订购清单”B1 修改。反应请用热启动聚合酶（低温下部分引物自二聚体 ΔG 约 −10 kcal/mol）。
A8: 简并碱基：R=A/G Y=C/T S=G/C W=A/T K=G/T M=A/C B=C/G/T D=A/G/T H=A/C/T V=A/C/G N=任意。订购时请选“混合碱基”合成，不要拆成单条。
A9: Tm：50 mM Na⁺、2 mM Mg²⁺、0.2 mM dNTP、250 nM 引物，按所有展开序列取范围。
A10: 脱靶（v3 重新汇总）：人 hg19 ≤2 错配位点 516 个（v2 为 565），线粒体 ≤3 错配 0 个；潜在产物（正反向命中相距 ≤2000 bp，≤3 错配）6 个（292–1875 bp，与 v2 相同），≤2 错配 0 个。猪 susScr3 ≤2 错配位点 979 个（v2 为 930；A1-F.SNAP 占 492、新增 A1-F.6s 占 122），线粒体 0 个；≤3 错配潜在产物 18 个（v2 为 13；新增的 5 个都含 A1-F.6s，是 3 错配的正向–正向组合，342–1963 bp），≤2 错配 0 个。8 条延长引物：人 140→14 个位点，猪 96→23 个。
A11: 已知弱点：Neisseria 的 A1 约 25%、A5 约 75%；Veillonella 的 A1–A5 在 71–89%；Blautia/Ruminococcus 的 A1 约 79%；古菌基本不被扩增；A1-F.SNAP 在猪基因组上有 492 个位点，猪样本宿主比例高时要留意。
A12: 重要：表中序列只是基因特异部分。你要用的 10 bp 内联 UDP（以及测序接头，如果有）必须加在 5′端，加上后的 Tm、自二聚体和管内二聚体我没有评估。订购前请把真实的 UDP 序列加到 5′端，重新跑一次二聚体检查（Olivar 的做法是把前缀计入自比对和坏度，不计入 dG）。dG ≤ −11.8 的达标比例：58 °C 时 109/198（55%），不是全部；A4 各引物、A3-R.1、A1-R.1、A5-F.1/.3、A5-R 等仍不达标：搜索 1–6 nt 延长时，没有一种延长能在位点覆盖下降不超过 0.3 个百分点的前提下达标，或延长后 J 下降超过 0.0003（A4-F.1、A4-R.4s、A5-F.3、A1-R.2、A6-F.2 属后者）。A1-F.SNAP 因 E. coli 1–8 位缺数据未延长。
A13: v4 相对 v3 的修改：只改 16S-A2-R.1 一个碱基（第 15 位 A→T，红色底行）；其余 32 条引物不变。原因是加 10 nt 内联 UDP 后，该引物 3′端与 16S-A6-F.2 的 5′端互补，使 96 管中 23 管的 3′端稳定性低于 −4.5 kcal/mol。改后 96 管整管评估 A 级由 63 升到 80，没有 C 级；位点覆盖率约降 4 个点（SILVA 0.962→0.924，Greengenes 0.973→0.931）；人基因组 ≤2 错配位点 28→21，猪 11→21。Tm 范围 61.9–67.2 → 63.0–68.4。

Sheet 订购清单
A1: 每位点总量 µL（可改） | B1: 2.5
A3: 序号 | B3: 名称 | C3: 位点 | D3: 类型 | E3: 5′→3′序列 | F3: 位置 | G3: 长度nt | H3: 展开数 | I3: Tm范围°C | J3: 人基因组≤2错配位点 | K3: 猪基因组≤2错配位点 | L3: 组 | M3: 占位点比例 | N3: 加入体积 µL | O3: 备注
A4: 1 | B4: 16S-A1-F.SNAP | C4: A1-F | D4: 主引物（SNAP V1_f） | E4: GAGTTTGATCMTGGCTCAG | F4: 9–27 | G4: 19 | H4: 2 | I4: 57.1–58.9 | J4: 56 | K4: 492 | L4: 主 | M4: =IF(COUNTIFS($C$4:$C$36,C4,$L$4:$L$36,"补")=0,1,IF(L4="补",0.1,0.9))*H4/SUMIFS($H$4:$H$36,$C$4:$C$36,C4,$L$4:$L$36,L4) | N4: =M4*$B$1 | O4: Swift SNAP V1_f（9–27）；人 56 个位点，猪 492 个
A5: 2 | B5: 16S-A1-R.1 | C5: A1-R | D5: 主引物 | E5: GTTACCYCACCAACWARCT | F5: 246–264 | G5: 19 | H5: 8 | I5: 55.1–61.3 | J5: 49 | K5: 44 | L5: 主 | M5: =IF(COUNTIFS($C$4:$C$36,C5,$L$4:$L$36,"补")=0,1,IF(L5="补",0.1,0.9))*H5/SUMIFS($H$4:$H$36,$C$4:$C$36,C5,$L$4:$L$36,L5) | N5: =M5*$B$1
A6: 3 | B6: 16S-A1-R.2 | C6: A1-R | D6: 主引物 | E6: GTTACCCCRCCAACTABCT | F6: 246–264 | G6: 19 | H6: 6 | I6: 57.1–63.1 | J6: 18 | K6: 22 | L6: 主 | M6: =IF(COUNTIFS($C$4:$C$36,C6,$L$4:$L$36,"补")=0,1,IF(L6="补",0.1,0.9))*H6/SUMIFS($H$4:$H$36,$C$4:$C$36,C6,$L$4:$L$36,L6) | N6: =M6*$B$1
A7: 4 | B7: 16S-A1-R.3 | C7: A1-R | D7: 主引物 | E7: CCGTTACCYTACCAACTARYT | F7: 246–266 | G7: 21 | H7: 8 | I7: 56.7–62.4 | J7: 0 | K7: 0 | L7: 主 | M7: =IF(COUNTIFS($C$4:$C$36,C7,$L$4:$L$36,"补")=0,1,IF(L7="补",0.1,0.9))*H7/SUMIFS($H$4:$H$36,$C$4:$C$36,C7,$L$4:$L$36,L7) | N7: =M7*$B$1 | O7: 延长（原 CGTTACCYTACCAACTARYT，5′端加 1 nt，使 58 °C 下 ΔG≤−11.8）
A8: 5 | B8: 16S-A1-R.4 | C8: A1-R | D8: 主引物 | E8: CCATTACCCYACCAACTARYT | F8: 246–266 | G8: 21 | H8: 8 | I8: 56.1–63.0 | J8: 2 | K8: 10 | L8: 主 | M8: =IF(COUNTIFS($C$4:$C$36,C8,$L$4:$L$36,"补")=0,1,IF(L8="补",0.1,0.9))*H8/SUMIFS($H$4:$H$36,$C$4:$C$36,C8,$L$4:$L$36,L8) | N8: =M8*$B$1 | O8: 延长（原 CATTACCCYACCAACTARYT，5′端加 1 nt，使 58 °C 下 ΔG≤−11.8）
A9: 6 | B9: 16S-A1-R.7s | C9: A1-R | D9: 补充 | E9: GTTACCCCGCCRWCWAGCT | F9: 246–264 | G9: 19 | H9: 8 | I9: 62.6–66.3 | J9: 12 | K9: 23 | L9: 补 | M9: =IF(COUNTIFS($C$4:$C$36,C9,$L$4:$L$36,"补")=0,1,IF(L9="补",0.1,0.9))*H9/SUMIFS($H$4:$H$36,$C$4:$C$36,C9,$L$4:$L$36,L9) | N9: =M9*$B$1 | O9: Prevotella/拟杆菌门
A10: 7 | B10: 16S-A1-R.8s | C10: A1-R | D10: 补充 | E10: GTTACCCCGCCWRCTRCCT | F10: 246–264 | G10: 19 | H10: 8 | I10: 61.5–68.6 | J10: 43 | K10: 40 | L10: 补 | M10: =IF(COUNTIFS($C$4:$C$36,C10,$L$4:$L$36,"补")=0,1,IF(L10="补",0.1,0.9))*H10/SUMIFS($H$4:$H$36,$C$4:$C$36,C10,$L$4:$L$36,L10) | N10: =M10*$B$1 | O10: Prevotella/拟杆菌门；人/猪潜在短产物的来源
A11: 8 | B11: 16S-A1-R.9s | C11: A1-R | D11: 补充 | E11: GTCACCCCGCCAWCAAGCT | F11: 246–264 | G11: 19 | H11: 2 | I11: 66.4–66.9 | J11: 5 | K11: 5 | L11: 补 | M11: =IF(COUNTIFS($C$4:$C$36,C11,$L$4:$L$36,"补")=0,1,IF(L11="补",0.1,0.9))*H11/SUMIFS($H$4:$H$36,$C$4:$C$36,C11,$L$4:$L$36,L11) | N11: =M11*$B$1 | O11: Bifidobacterium
A12: 9 | B12: 16S-A2-F.1 | C12: A2-F | D12: 主引物 | E12: CCAKACWCCTACGGGAGGC | F12: 334–352 | G12: 19 | H12: 4 | I12: 62.3–65.4 | J12: 14 | K12: 12 | L12: 主 | M12: =IF(COUNTIFS($C$4:$C$36,C12,$L$4:$L$36,"补")=0,1,IF(L12="补",0.1,0.9))*H12/SUMIFS($H$4:$H$36,$C$4:$C$36,C12,$L$4:$L$36,L12) | N12: =M12*$B$1 | O12: 起点 334，替代原 A2-F.1–.3（314），脱靶降 84–90%
A13: 10 | B13: 16S-A2-F.2 | C13: A2-F | D13: 主引物 | E13: CCCSACTCCTACGGGAGRC | F13: 334–352 | G13: 19 | H13: 4 | I13: 64.5–67.5 | J13: 12 | K13: 9 | L13: 主 | M13: =IF(COUNTIFS($C$4:$C$36,C13,$L$4:$L$36,"补")=0,1,IF(L13="补",0.1,0.9))*H13/SUMIFS($H$4:$H$36,$C$4:$C$36,C13,$L$4:$L$36,L13) | N13: =M13*$B$1 | O13: 同上
A14: 11 | B14: 16S-A2-R.1 | C14: A2-R | D14: 主引物 | E14: GCTGGCACGKARTTTGCCR | F14: 504–522 | G14: 19 | H14: 8 | I14: 63.0–68.4 | J14: 21 | K14: 21 | L14: 主 | M14: =IF(COUNTIFS($C$4:$C$36,C14,$L$4:$L$36,"补")=0,1,IF(L14="补",0.1,0.9))*H14/SUMIFS($H$4:$H$36,$C$4:$C$36,C14,$L$4:$L$36,L14) | N14: =M14*$B$1
A15: 12 | B15: 16S-A2-R.2 | C15: A2-R | D15: 主引物 | E15: GCTGGCACGAASTTAGYCS | F15: 504–522 | G15: 19 | H15: 8 | I15: 62.1–65.3 | J15: 7 | K15: 10 | L15: 主 | M15: =IF(COUNTIFS($C$4:$C$36,C15,$L$4:$L$36,"补")=0,1,IF(L15="补",0.1,0.9))*H15/SUMIFS($H$4:$H$36,$C$4:$C$36,C15,$L$4:$L$36,L15) | N15: =M15*$B$1
A16: 13 | B16: 16S-A2-R.3 | C16: A2-R | D16: 主引物 | E16: TGCTGGCACAKAGTTCGYYG | F16: 504–523 | G16: 20 | H16: 8 | I16: 62.4–69.3 | J16: 4 | K16: 1 | L16: 主 | M16: =IF(COUNTIFS($C$4:$C$36,C16,$L$4:$L$36,"补")=0,1,IF(L16="补",0.1,0.9))*H16/SUMIFS($H$4:$H$36,$C$4:$C$36,C16,$L$4:$L$36,L16) | N16: =M16*$B$1 | O16: 延长（原 GCTGGCACAKAGTTCGYYG，5′端加 1 nt，使 58 °C 下 ΔG≤−11.8）
A17: 14 | B17: 16S-A3-F.1 | C17: A3-F | D17: 主引物 | E17: CCAGCAGCCGCGGTAABWC | F17: 518–536 | G17: 19 | H17: 6 | I17: 64.8–67.8 | J17: 10 | K17: 13 | L17: 主 | M17: =IF(COUNTIFS($C$4:$C$36,C17,$L$4:$L$36,"补")=0,1,IF(L17="补",0.1,0.9))*H17/SUMIFS($H$4:$H$36,$C$4:$C$36,C17,$L$4:$L$36,L17) | N17: =M17*$B$1
A18: 15 | B18: 16S-A3-F.2 | C18: A3-F | D18: 主引物 | E18: CCAGCAGCCGCGGTAAAAC | F18: 518–536 | G18: 19 | H18: 1 | I18: 65.9–65.9 | J18: 2 | K18: 0 | L18: 主 | M18: =IF(COUNTIFS($C$4:$C$36,C18,$L$4:$L$36,"补")=0,1,IF(L18="补",0.1,0.9))*H18/SUMIFS($H$4:$H$36,$C$4:$C$36,C18,$L$4:$L$36,L18) | N18: =M18*$B$1
A19: 16 | B19: 16S-A3-R.1 | C19: A3-R | D19: 主引物 | E19: TCTAATCCYGTTYGCTMCC | F19: 774–792 | G19: 19 | H19: 8 | I19: 55.2–62.6 | J19: 53 | K19: 36 | L19: 主 | M19: =IF(COUNTIFS($C$4:$C$36,C19,$L$4:$L$36,"补")=0,1,IF(L19="补",0.1,0.9))*H19/SUMIFS($H$4:$H$36,$C$4:$C$36,C19,$L$4:$L$36,L19) | N19: =M19*$B$1
A20: 17 | B20: 16S-A4-F.1 | C20: A4-F | D20: 主引物 | E20: GATTAGAKACCCYGGTAGTCY | F20: 786–806 | G20: 21 | H20: 8 | I20: 56.5–62.3 | J20: 1 | K20: 0 | L20: 主 | M20: =IF(COUNTIFS($C$4:$C$36,C20,$L$4:$L$36,"补")=0,1,IF(L20="补",0.1,0.9))*H20/SUMIFS($H$4:$H$36,$C$4:$C$36,C20,$L$4:$L$36,L20) | N20: =M20*$B$1
A21: 18 | B21: 16S-A4-R.1 | C21: A4-R | D21: 主引物 | E21: CGCGTWGCATCGAATTAADC | F21: 954–973 | G21: 20 | H21: 6 | I21: 58.6–62.3 | J21: 1 | K21: 0 | L21: 主 | M21: =IF(COUNTIFS($C$4:$C$36,C21,$L$4:$L$36,"补")=0,1,IF(L21="补",0.1,0.9))*H21/SUMIFS($H$4:$H$36,$C$4:$C$36,C21,$L$4:$L$36,L21) | N21: =M21*$B$1
A22: 19 | B22: 16S-A4-R.2 | C22: A4-R | D22: 主引物 | E22: CGCGTWKCKTCGAATTAAAC | F22: 954–973 | G22: 20 | H22: 8 | I22: 56.4–62.5 | J22: 0 | K22: 1 | L22: 主 | M22: =IF(COUNTIFS($C$4:$C$36,C22,$L$4:$L$36,"补")=0,1,IF(L22="补",0.1,0.9))*H22/SUMIFS($H$4:$H$36,$C$4:$C$36,C22,$L$4:$L$36,L22) | N22: =M22*$B$1
A23: 20 | B23: 16S-A4-R.4s | C23: A4-R | D23: 补充 | E23: CGTGTATYRTCGAATTAARC | F23: 954–973 | G23: 20 | H23: 8 | I23: 51.2–58.2 | J23: 6 | K23: 6 | L23: 补 | M23: =IF(COUNTIFS($C$4:$C$36,C23,$L$4:$L$36,"补")=0,1,IF(L23="补",0.1,0.9))*H23/SUMIFS($H$4:$H$36,$C$4:$C$36,C23,$L$4:$L$36,L23) | N23: =M23*$B$1 | O23: Mycoplasma/Ureaplasma
A24: 21 | B24: 16S-A4-R.5s | C24: A4-R | D24: 补充 | E24: CGCGTABCTTCRAATTAAAC | F24: 954–973 | G24: 20 | H24: 6 | I24: 54.4–59.0 | J24: 1 | K24: 0 | L24: 补 | M24: =IF(COUNTIFS($C$4:$C$36,C24,$L$4:$L$36,"补")=0,1,IF(L24="补",0.1,0.9))*H24/SUMIFS($H$4:$H$36,$C$4:$C$36,C24,$L$4:$L$36,L24) | N24: =M24*$B$1 | O24: Mycoplasma/Ureaplasma
A25: 22 | B25: 16S-A5-F.1 | C25: A5-F | D25: 主引物 | E25: MWACGCGARGAACCTTACC | F25: 967–985 | G25: 19 | H25: 8 | I25: 58.3–62.1 | J25: 9 | K25: 6 | L25: 主 | M25: =IF(COUNTIFS($C$4:$C$36,C25,$L$4:$L$36,"补")=0,1,IF(L25="补",0.1,0.9))*H25/SUMIFS($H$4:$H$36,$C$4:$C$36,C25,$L$4:$L$36,L25) | N25: =M25*$B$1
A26: 23 | B26: 16S-A5-F.3 | C26: A5-F | D26: 主引物 | E26: RTACMCGAARAACCTTACC | F26: 967–985 | G26: 19 | H26: 8 | I26: 53.9–58.2 | J26: 18 | K26: 26 | L26: 主 | M26: =IF(COUNTIFS($C$4:$C$36,C26,$L$4:$L$36,"补")=0,1,IF(L26="补",0.1,0.9))*H26/SUMIFS($H$4:$H$36,$C$4:$C$36,C26,$L$4:$L$36,L26) | N26: =M26*$B$1
A27: 24 | B27: 16S-A5-R.1 | C27: A5-R | D27: 主引物 | E27: GGSCATGMTGAYTTGACGT | F27: 1192–1210 | G27: 19 | H27: 8 | I27: 59.6–64.3 | J27: 16 | K27: 24 | L27: 主 | M27: =IF(COUNTIFS($C$4:$C$36,C27,$L$4:$L$36,"补")=0,1,IF(L27="补",0.1,0.9))*H27/SUMIFS($H$4:$H$36,$C$4:$C$36,C27,$L$4:$L$36,L27) | N27: =M27*$B$1 | O27: 【已修改】A5-R 由起点 1188 换为 1192，消除回文 TGACGTCA
A28: 25 | B28: 16S-A5-R.2 | C28: A5-R | D28: 主引物 | E28: GGCCATRCTGACTWGACRT | F28: 1192–1210 | G28: 19 | H28: 8 | I28: 57.0–64.3 | J28: 31 | K28: 34 | L28: 主 | M28: =IF(COUNTIFS($C$4:$C$36,C28,$L$4:$L$36,"补")=0,1,IF(L28="补",0.1,0.9))*H28/SUMIFS($H$4:$H$36,$C$4:$C$36,C28,$L$4:$L$36,L28) | N28: =M28*$B$1 | O28: 【已修改】同上
A29: 26 | B29: 16S-A6-F.1 | C29: A6-F | D29: 主引物 | E29: GGGCTRCACACRTGCTACAA | F29: 1221–1240 | G29: 20 | H29: 4 | I29: 61.5–67.2 | J29: 5 | K29: 4 | L29: 主 | M29: =IF(COUNTIFS($C$4:$C$36,C29,$L$4:$L$36,"补")=0,1,IF(L29="补",0.1,0.9))*H29/SUMIFS($H$4:$H$36,$C$4:$C$36,C29,$L$4:$L$36,L29) | N29: =M29*$B$1 | O29: 延长（原 GGCTRCACACRTGCTACAA，5′端加 1 nt，使 58 °C 下 ΔG≤−11.8）
A30: 27 | B30: 16S-A6-F.2 | C30: A6-F | D30: 主引物 | E30: GGCKACACACGTGMTACAA | F30: 1222–1240 | G30: 19 | H30: 4 | I30: 58.6–64.5 | J30: 17 | K30: 12 | L30: 主 | M30: =IF(COUNTIFS($C$4:$C$36,C30,$L$4:$L$36,"补")=0,1,IF(L30="补",0.1,0.9))*H30/SUMIFS($H$4:$H$36,$C$4:$C$36,C30,$L$4:$L$36,L30) | N30: =M30*$B$1
A31: 28 | B31: 16S-A6-F.3 | C31: A6-F | D31: 主引物 | E31: GGCTWCACGCCTGCTACAW | F31: 1222–1240 | G31: 19 | H31: 4 | I31: 63.5–64.3 | J31: 16 | K31: 8 | L31: 主 | M31: =IF(COUNTIFS($C$4:$C$36,C31,$L$4:$L$36,"补")=0,1,IF(L31="补",0.1,0.9))*H31/SUMIFS($H$4:$H$36,$C$4:$C$36,C31,$L$4:$L$36,L31) | N31: =M31*$B$1 | O31: 【已修改】第 11 位 G→C，打断回文 CACGCGTG
A32: 29 | B32: 16S-A6-F.4s | C32: A6-F | D32: 补充 | E32: TGGGCYWCACACGTACTACAA | F32: 1220–1240 | G32: 21 | H32: 4 | I32: 62.3–65.2 | J32: 0 | K32: 0 | L32: 补 | M32: =IF(COUNTIFS($C$4:$C$36,C32,$L$4:$L$36,"补")=0,1,IF(L32="补",0.1,0.9))*H32/SUMIFS($H$4:$H$36,$C$4:$C$36,C32,$L$4:$L$36,L32) | N32: =M32*$B$1 | O32: 延长（原 GGCYWCACACGTACTACAA，5′端加 2 nt，使 58 °C 下 ΔG≤−11.8）
A33: 30 | B33: 16S-A6-F.5s | C33: A6-F | D33: 补充 | E33: GGGCTTCACACGTCATACAA | F33: 1221–1240 | G33: 20 | H33: 1 | I33: 61.7–61.7 | J33: 1 | K33: 3 | L33: 补 | M33: =IF(COUNTIFS($C$4:$C$36,C33,$L$4:$L$36,"补")=0,1,IF(L33="补",0.1,0.9))*H33/SUMIFS($H$4:$H$36,$C$4:$C$36,C33,$L$4:$L$36,L33) | N33: =M33*$B$1 | O33: 延长（原 GGCTTCACACGTCATACAA，5′端加 1 nt，使 58 °C 下 ΔG≤−11.8）
A34: 31 | B34: 16S-A6-R.1 | C34: A6-R | D34: 主引物 | E34: ACCTTGTTACGACTTCRYCCY | F34: 1486–1506 | G34: 21 | H34: 8 | I34: 60.2–66.1 | J34: 1 | K34: 4 | L34: 主 | M34: =IF(COUNTIFS($C$4:$C$36,C34,$L$4:$L$36,"补")=0,1,IF(L34="补",0.1,0.9))*H34/SUMIFS($H$4:$H$36,$C$4:$C$36,C34,$L$4:$L$36,L34) | N34: =M34*$B$1 | O34: 延长（原 CTTGTTACGACTTCRYCCY，5′端加 2 nt，使 58 °C 下 ΔG≤−11.8）
A35: 32 | B35: 16S-A6-R.3 | C35: A6-R | D35: 主引物 | E35: ACCTTGTTACGACTTMACHCC | F35: 1486–1506 | G35: 21 | H35: 6 | I35: 58.7–63.4 | J35: 1 | K35: 1 | L35: 主 | M35: =IF(COUNTIFS($C$4:$C$36,C35,$L$4:$L$36,"补")=0,1,IF(L35="补",0.1,0.9))*H35/SUMIFS($H$4:$H$36,$C$4:$C$36,C35,$L$4:$L$36,L35) | N35: =M35*$B$1 | O35: 延长（原 CCTTGTTACGACTTMACHCC，5′端加 1 nt，使 58 °C 下 ΔG≤−11.8）
A36: 33 | B36: 16S-A1-F.6s | C36: A1-F | D36: 补充引物（双歧杆菌） | E36: GGGTTYGATTCTGGCTCAG | F36: 9–27 | G36: 19 | H36: 2 | I36: 59.5–61.6 | J36: 77 | K36: 122 | L36: 补 | M36: =IF(COUNTIFS($C$4:$C$36,C36,$L$4:$L$36,"补")=0,1,IF(L36="补",0.1,0.9))*H36/SUMIFS($H$4:$H$36,$C$4:$C$36,C36,$L$4:$L$36,L36) | N36: =M36*$B$1 | O36: 双歧杆菌补充（Bifidobacteriaceae 8/8，仅 8 条有 V1 数据，需用 B. longum 验证）
B37: 合计 | H37: =SUM(H4:H36) | N37: =SUM(N4:N36)

Sheet 位点汇总
A1: 位点 | B1: 引物数 | C1: 展开数 | D1: 加入体积 µL（合计） | E1: 位置
A2: A1-F | B2: =COUNTIF('订购清单'!$C$4:$C$36,A2) | C2: =SUMIFS('订购清单'!$H$4:$H$36,'订购清单'!$C$4:$C$36,A2) | D2: =SUMIFS('订购清单'!$N$4:$N$36,'订购清单'!$C$4:$C$36,A2) | E2: 9–27
A3: A1-R | B3: =COUNTIF('订购清单'!$C$4:$C$36,A3) | C3: =SUMIFS('订购清单'!$H$4:$H$36,'订购清单'!$C$4:$C$36,A3) | D3: =SUMIFS('订购清单'!$N$4:$N$36,'订购清单'!$C$4:$C$36,A3) | E3: 246–265
A4: A2-F | B4: =COUNTIF('订购清单'!$C$4:$C$36,A4) | C4: =SUMIFS('订购清单'!$H$4:$H$36,'订购清单'!$C$4:$C$36,A4) | D4: =SUMIFS('订购清单'!$N$4:$N$36,'订购清单'!$C$4:$C$36,A4) | E4: 334–352
A5: A2-R | B5: =COUNTIF('订购清单'!$C$4:$C$36,A5) | C5: =SUMIFS('订购清单'!$H$4:$H$36,'订购清单'!$C$4:$C$36,A5) | D5: =SUMIFS('订购清单'!$N$4:$N$36,'订购清单'!$C$4:$C$36,A5) | E5: 504–522
A6: A3-F | B6: =COUNTIF('订购清单'!$C$4:$C$36,A6) | C6: =SUMIFS('订购清单'!$H$4:$H$36,'订购清单'!$C$4:$C$36,A6) | D6: =SUMIFS('订购清单'!$N$4:$N$36,'订购清单'!$C$4:$C$36,A6) | E6: 518–536（515F 型）
A7: A3-R | B7: =COUNTIF('订购清单'!$C$4:$C$36,A7) | C7: =SUMIFS('订购清单'!$H$4:$H$36,'订购清单'!$C$4:$C$36,A7) | D7: =SUMIFS('订购清单'!$N$4:$N$36,'订购清单'!$C$4:$C$36,A7) | E7: 774–792
A8: A4-F | B8: =COUNTIF('订购清单'!$C$4:$C$36,A8) | C8: =SUMIFS('订购清单'!$H$4:$H$36,'订购清单'!$C$4:$C$36,A8) | D8: =SUMIFS('订购清单'!$N$4:$N$36,'订购清单'!$C$4:$C$36,A8) | E8: 788–806（785F 型）
A9: A4-R | B9: =COUNTIF('订购清单'!$C$4:$C$36,A9) | C9: =SUMIFS('订购清单'!$H$4:$H$36,'订购清单'!$C$4:$C$36,A9) | D9: =SUMIFS('订购清单'!$N$4:$N$36,'订购清单'!$C$4:$C$36,A9) | E9: 954–972
A10: A5-F | B10: =COUNTIF('订购清单'!$C$4:$C$36,A10) | C10: =SUMIFS('订购清单'!$H$4:$H$36,'订购清单'!$C$4:$C$36,A10) | D10: =SUMIFS('订购清单'!$N$4:$N$36,'订购清单'!$C$4:$C$36,A10) | E10: 967–985
A11: A5-R | B11: =COUNTIF('订购清单'!$C$4:$C$36,A11) | C11: =SUMIFS('订购清单'!$H$4:$H$36,'订购清单'!$C$4:$C$36,A11) | D11: =SUMIFS('订购清单'!$N$4:$N$36,'订购清单'!$C$4:$C$36,A11) | E11: 1192–1210
A12: A6-F | B12: =COUNTIF('订购清单'!$C$4:$C$36,A12) | C12: =SUMIFS('订购清单'!$H$4:$H$36,'订购清单'!$C$4:$C$36,A12) | D12: =SUMIFS('订购清单'!$N$4:$N$36,'订购清单'!$C$4:$C$36,A12) | E12: 1222–1240
A13: A6-R | B13: =COUNTIF('订购清单'!$C$4:$C$36,A13) | C13: =SUMIFS('订购清单'!$H$4:$H$36,'订购清单'!$C$4:$C$36,A13) | D13: =SUMIFS('订购清单'!$N$4:$N$36,'订购清单'!$C$4:$C$36,A13) | E13: 1486–1504
A14: 合计 | B14: =SUM(B2:B13) | C14: =SUM(C2:C13) | D14: =SUM(D2:D13)

Sheet 扩增子
A1: 扩增子 | B1: 区域 | C1: 正向引物位点 | D1: 反向引物位点 | E1: 扩增子范围 | F1: 长度 bp（约） | G1: 2×150 内联 UDP 可读通
A2: A1 | B2: V1·V2 | C2: 9–27 | D2: 246–266 | E2: 9–266 | F2: 258 | G2: =IF(F2<=280,"是","基本（中间 "&(F2-280)&" bp 未读到）")
A3: A2 | B3: V3 | C3: 334–352 | D3: 504–523 | E3: 334–523 | F3: 190 | G3: =IF(F3<=280,"是","基本（中间 "&(F3-280)&" bp 未读到）")
A4: A3 | B4: V4 | C4: 518–536 | D4: 774–792 | E4: 518–792 | F4: 275 | G4: =IF(F4<=280,"是","基本（中间 "&(F4-280)&" bp 未读到）")
A5: A4 | B5: V5 | C5: 786–806 | D5: 954–973 | E5: 786–973 | F5: 188 | G5: =IF(F5<=280,"是","基本（中间 "&(F5-280)&" bp 未读到）")
A6: A5 | B6: V6·V7 | C6: 967–985 | D6: 1192–1210 | E6: 967–1210 | F6: 244 | G6: =IF(F6<=280,"是","基本（中间 "&(F6-280)&" bp 未读到）")
A7: A6 | B7: V8·V9 | C7: 1220–1240 | D7: 1486–1506 | E7: 1220–1506 | F7: 287 | G7: =IF(F7<=280,"是","基本（中间 "&(F7-280)&" bp 未读到）")
A9: 相邻扩增子的引物位点 5′端重叠 5–7 nt（如 A3 反向 774–792 与 A4 正向 786–806 重叠 7 nt），3′端不重叠，管内无短于 188 bp 的交叉产物。长度为同一位点内所有引物外缘之间的最长产物，同位点内较短引物给出的产物最多短 3 bp。

Sheet 变更记录
A1: 版本 | B1: 引物 | C1: 位置 | D1: v3 序列 | E1: v4 序列 | F1: 原因 | G1: 影响
A2: v4 | B2: 16S-A2-R.1 | C2: 504–522 | D2: GCTGGCACGKARTTAGCCR | E2: GCTGGCACGKARTTTGCCR | F2: 加 UDP 尾巴后与 16S-A6-F.2 的 5′端形成 3′端互补（96 管中 23 管 3′端 ΔG<-4.5） | G2: 整管 A 级 63→80，C 级 0；覆盖率 SILVA 0.962→0.924、Greengenes 0.973→0.931；人 ≤2 错配 28→21，猪 11→21；Tm 范围 61.9–67.2→63.0–68.4；展开数不变（8）
A3: 说明 | F3: 不用 UDP 或后期不需要时可继续使用 v3 序列；用 UDP 且发现 A2 / A6 扩增子产量低或二聚体明显时再启用 v4。 | G3: 来源：docs/primer_design/udp_denovo960/primer_tweak/ 与 udp_strategy_report.html
