Workbook

Sheet 说明
A1: 16S 引物订购清单：12、16、24 条引物池
A2: 用途：一次订齐 24 条寡核苷酸；12、16、24 条三个池都是这 24 条的子集，按各池工作表里的体积配成 100 µL 的 10× 混合液。
A4: 工作表
A5: 订购总表：24 条寡核苷酸（含序列、位置、Tm、展开数、各池是否包含），可直接作为订购单。
A6: 12 条池 / 16 条池 / 24 条池：各池的配制表（每条引物加多少 µL 的母液、位点内比例、总量核对、加水量）。
A7: 池比较：三个池的评估摘要（来自计算评估，非实测）。
A8: 名称对照：订购名称与分析里旧名的对照。
A10: 颜色约定
A11: 蓝色字 = 输入（可以修改）：合成规模、纯化方式、母液浓度、10× 混合液体积、各引物位点内比例。黑色 = 公式，自动计算。黄色底 = 订购前需要你确认的设置。
A13: 订购注意
A14: 1. 序列用 IUPAC 简并码（R=A/G，Y=C/T，W=A/T，M=A/C，K=G/T，S=G/C，D=A/G/T，B=C/G/T，V=A/C/G），按“混合碱基”合成，每条订一个管，不要拆成单个展开序列。订购前请确认合成商支持这些简并碱基。
A15: 2. 序列只含基因特异部分，没有接头、UDP 或修饰；如果建库要在引物上加接头，请自己加，并重新检查 Tm 和二聚体（我没有评估带接头的版本）。
... A21: 数据来源：docs/primer_design/order_list_levels.csv、order_list_levels_long.csv，评估见 primer_order_list_levels.html。

Sheet 订购总表
A1: 序号 | B1: 订购名称 | C1: 分析里的旧名 | D1: 序列 5′→3′（IUPAC） | E1: 长度 nt | F1: 引物位点 | G1: 区域 | H1: 方向 | I1: E. coli 位置 | J1: 平均 Tm °C | K1: Tm 范围 °C（展开序列） | L1: GC 含量 | M1: 展开序列数 | N1: 类型 | O1: 人基因组位点 / 展开序列（≤2 错配） | P1: 在 12 条池 | Q1: 在 16 条池 | R1: 在 24 条池 | S1: 合成规模 | T1: 纯化方式 | U1: 修饰 | V1: 备注
A2: 1 | B2: 16S-A1-F | C2: A1-F | D2: AGRGTTTGATYMTGGCT | E2: =LEN(D2) | F2: A1-F | G2: V1·V2 | H2: 正向 F | I2: 8–24 | J2: 54.8 | K2: 50.6–58.7 | L2: 0.35 | M2: 8 | N2: 核心/借鉴 | O2: 291.1 | P2: ✓ | R2: ✓ | S2: 25 | T2: 标准脱盐（Desalt） | U2: 无 | V2: 与 16S-A1-F.SNAP 同位点，24 条池同时含两者
A3: 2 | B3: 16S-A1-F.SNAP | C3: A1-F.V1f（SNAP） | D3: GAGTTTGATCMTGGCTCAG | E3: =LEN(D3) | F3: A1-F | G3: V1·V2 | H3: 正向 F | I3: 9–27 | J3: 58 | K3: 57.1–58.9 | L3: 0.47 | M3: 2 | N3: 借鉴 Swift SNAP | O3: 25 | Q3: ✓ | R3: ✓ | S3: 25 | T3: 标准脱盐（Desalt） | U3: 无 | V3: 借鉴 Swift SNAP 的引物，来源序列见其引物文件；使用前请自行确认授权
A4: 3 | B4: 16S-A1-R.1 | C4: A1-R.1 | D4: TTACCYCACCAACWARCT | E4: =LEN(D4) | F4: A1-R | G4: V1·V2 | H4: 反向 R | I4: 246–263 | J4: 56.4 | K4: 53.1–59.8 | L4: 0.39 | M4: 8 | N4: 核心/借鉴 | O4: 28.1 | P4: ✓ | Q4: ✓ | R4: ✓ | S4: 25 | T4: 标准脱盐（Desalt） | U4: 无
A5: 4 | B5: 16S-A1-R.2 | C5: A1-R.2 | D5: TTACCCCRCCAACTABCT | E5: =LEN(D5) | F5: A1-R | G5: V1·V2 | H5: 反向 R | I5: 246–263 | J5: 58.9 | K5: 55.3–61.7 | L5: 0.44 | M5: 6 | N5: 核心/借鉴 | O5: 18.7 | Q5: ✓ | R5: ✓ | S5: 25 | T5: 标准脱盐（Desalt） | U5: 无
A6: 5 | B6: 16S-A1-R.3 | C6: A1-R.3 | D6: CGTTACCYTACCAACTARYT | E6: =LEN(D6) | F6: A1-R | G6: V1·V2 | H6: 反向 R | I6: 246–265 | J6: 56.8 | K6: 54.0–59.9 | L6: 0.35 | M6: 8 | N6: 核心/借鉴 | O6: 1.1 | R6: ✓ | S6: 25 | T6: 标准脱盐（Desalt） | U6: 无
A7: 6 | B7: 16S-A1-R.4s | C7: A1-R.4（补充） | D7: CATTACCCYACCAACTARYT | E7: =LEN(D7) | F7: A1-R | G7: V1·V2 | H7: 反向 R | I7: 246–265 | J7: 56.8 | K7: 53.3–60.5 | L7: 0.35 | M7: 8 | N7: 支原体补充 | O7: 2.9 | R7: ✓ | S7: 25 | T7: 标准脱盐（Desalt） | U7: 无
A8: 7 | B8: 16S-A2-F.1 | C8: A2-F.1 | D8: ACWYCTACGGGWGGCAGCA | E8: =LEN(D8) | F8: A2-F | G8: V3 | H8: 正向 F | I8: 338–356 | J8: 65.8 | K8: 64.4–67.6 | L8: 0.58 | M8: 8 | N8: 核心/借鉴 | O8: 8.2 | P8: ✓ | Q8: ✓ | R8: ✓ | S8: 25 | T8: 标准脱盐（Desalt） | U8: 无
A9: 8 | B9: 16S-A2-F.2s | C9: A2-F.2（补充） | D9: ACTCCTACGGGAAGCASMA | E9: =LEN(D9) | F9: A2-F | G9: V3 | H9: 正向 F | I9: 338–356 | J9: 62.9 | K9: 61.4–64.4 | L9: 0.53 | M9: 4 | N9: 支原体补充 | O9: 10 | R9: ✓ | S9: 25 | T9: 标准脱盐（Desalt） | U9: 无
A10: 9 | B10: 16S-A2-R | C10: A2-R | D10: TATTACCGCGRCTGCTGGCA | E10: =LEN(D10) | F10: A2-R | G10: V3 | H10: 反向 R | I10: 516–535 | J10: 66.9 | K10: 65.5–68.3 | L10: 0.55 | M10: 2 | N10: 核心/借鉴 | O10: 3.5 | P10: ✓ | Q10: ✓ | R10: ✓ | S10: 25 | T10: 标准脱盐（Desalt） | U10: 无
A11: 10 | B11: 16S-A3-F.1 | C11: A3-F.1 | D11: GGAWTYAYTGGGCGTAAAG | E11: =LEN(D11) | F11: A3-F | G11: V4 | H11: 正向 F | I11: 558–576 | J11: 57.4 | K11: 55.2–59.6 | L11: 0.42 | M11: 8 | N11: 核心/借鉴 | O11: 0.9 | P11: ✓ | Q11: ✓ | R11: ✓ | S11: 25 | T11: 标准脱盐（Desalt） | U11: 无 | V11: 也是 V5 扩增子（A4）的正向引物，共用
A12: 11 | B12: 16S-A3-F.2 | C12: A3-F.2 | D12: CGGRAWTYATTGGGTTTAAAG | E12: =LEN(D12) | F12: A3-F | G12: V4 | H12: 正向 F | I12: 556–576 | J12: 56.5 | K12: 54.5–58.6 | L12: 0.33 | M12: 8 | N12: 核心/借鉴 | O12: 0.6 | P12: ✓ | Q12: ✓ | R12: ✓ | S12: 25 | T12: 标准脱盐（Desalt） | U12: 无 | V12: 也是 V5 扩增子（A4）的正向引物，共用
A13: 12 | B13: 16S-A3-R | C13: A3-R | D13: ACTACCRGGGTATCTAAKCC | E13: =LEN(D13) | F13: A3-R | G13: V4 | H13: 反向 R | I13: 785–804 | J13: 58.9 | K13: 56.2–61.6 | L13: 0.45 | M13: 4 | N13: 核心/借鉴 | O13: 1.5 | P13: ✓ | Q13: ✓ | R13: ✓ | S13: 25 | T13: 标准脱盐（Desalt） | U13: 无
A14: 13 | B14: 16S-A4-R.1 | C14: V5-R.1 | D14: CCCGTCAATTYCTTTRAGTTT | E14: =LEN(D14) | F14: A4-R | G14: V5 | H14: 反向 R | I14: 907–927 | J14: 58.1 | K14: 56.0–60.2 | L14: 0.33 | M14: 4 | N14: 核心/借鉴 | O14: 2.8 | P14: ✓ | Q14: ✓ | R14: ✓ | S14: 25 | T14: 标准脱盐（Desalt） | U14: 无 | V14: V5 扩增子的反向引物（正向引物是 A3-F）
A15: 14 | B15: 16S-A4-R.2 | C15: V5-R.2 | D15: CCCGTCAATTCCTTTGAGYYY | E15: =LEN(D15) | F15: A4-R | G15: V5 | H15: 反向 R | I15: 907–927 | J15: 62.3 | K15: 60.2–65.0 | L15: 0.43 | M15: 8 | N15: 核心/借鉴 | O15: 0.4 | R15: ✓ | S15: 25 | T15: 标准脱盐（Desalt） | U15: 无 | V15: V5 扩增子的反向引物（正向引物是 A3-F）
A16: 15 | B16: 16S-A4-R.SNAP | C16: V5-R.907R（SNAP） | D16: CCGTCAATTCMTTTGAGTTT | E16: =LEN(D16) | F16: A4-R | G16: V5 | H16: 反向 R | I16: 907–926 | J16: 56.7 | K16: 55.8–57.6 | L16: 0.35 | M16: 2 | N16: 借鉴 Swift SNAP | O16: 11 | R16: ✓ | S16: 25 | T16: 标准脱盐（Desalt） | U16: 无 | V16: V5 扩增子的反向引物（正向引物是 A3-F）
A17: 16 | B17: 16S-A5-F.1 | C17: A4-F.1 | D17: MWACGCGARGAACCTTACC | E17: =LEN(D17) | F17: A5-F | G17: V6·V7 | H17: 正向 F | I17: 967–985 | J17: 60.2 | K17: 58.3–62.1 | L17: 0.47 | M17: 8 | N17: 核心/借鉴 | O17: 1 | P17: ✓ | Q17: ✓ | R17: ✓ | S17: 25 | T17: 标准脱盐（Desalt） | U17: 无
A18: 17 | B18: 16S-A5-F.2 | C18: A4-F.2 | D18: MWACMCGAAGAACCTTACC | E18: =LEN(D18) | F18: A5-F | G18: V6·V7 | H18: 正向 F | I18: 967–985 | J18: 57.2 | K18: 55.3–59.2 | L18: 0.42 | M18: 8 | N18: 核心/借鉴 | O18: 2.8 | R18: ✓ | S18: 25 | T18: 标准脱盐（Desalt） | U18: 无
A19: 18 | B19: 16S-A5-F.3s | C19: A4-F.3（补充） | D19: RTACMCGAARAACCTTACC | E19: =LEN(D19) | F19: A5-F | G19: V6·V7 | H19: 正向 F | I19: 967–985 | J19: 56.1 | K19: 53.9–58.2 | L19: 0.37 | M19: 8 | N19: 支原体补充 | O19: 1.8 | Q19: ✓ | R19: ✓ | S19: 25 | T19: 标准脱盐（Desalt） | U19: 无
A20: 19 | B20: 16S-A5-R.1 | C20: A4-R.1 | D20: ACGTCRTCCYCACCTTCCY | E20: =LEN(D20) | F20: A5-R | G20: V6·V7 | H20: 反向 R | I20: 1177–1195 | J20: 64.5 | K20: 61.4–67.6 | L20: 0.53 | M20: 8 | N20: 核心/借鉴 | O20: 17 | P20: ✓ | Q20: ✓ | R20: ✓ | S20: 25 | T20: 标准脱盐（Desalt） | U20: 无
A21: 20 | B21: 16S-A5-R.2s | C21: A4-R.2（补充） | D21: TGACGTCATCCTYWCCTTCMT | E21: =LEN(D21) | F21: A5-R | G21: V6·V7 | H21: 反向 R | I21: 1177–1197 | J21: 62 | K21: 60.0–64.1 | L21: 0.43 | M21: 8 | N21: 支原体补充 | O21: 2.8 | R21: ✓ | S21: 25 | T21: 标准脱盐（Desalt） | U21: 无
A22: 21 | B22: 16S-A6-F.1 | C22: A5-F.1 | D22: GCKACACRCRTGCTACAAT | E22: =LEN(D22) | F22: A6-F | G22: V8·V9 | H22: 正向 F | I22: 1223–1241 | J22: 61 | K22: 56.7–65.3 | L22: 0.42 | M22: 8 | N22: 核心/借鉴 | O22: 2.1 | Q22: ✓ | R22: ✓ | S22: 25 | T22: 标准脱盐（Desalt） | U22: 无
A23: 22 | B23: 16S-A6-F.2 | C23: A5-F.2 | D23: GCTACACACGTVMTACAAT | E23: =LEN(D23) | F23: A6-F | G23: V8·V9 | H23: 正向 F | I23: 1223–1241 | J23: 56.6 | K23: 53.8–59.2 | L23: 0.37 | M23: 6 | N23: 核心/借鉴 | O23: 7 | P23: ✓ | Q23: ✓ | R23: ✓ | S23: 25 | T23: 标准脱盐（Desalt） | U23: 无
A24: 23 | B24: 16S-A6-F.3s | C24: A5-F.3（补充） | D24: GCTRCARRCGTGCTACAAT | E24: =LEN(D24) | F24: A6-F | G24: V8·V9 | H24: 正向 F | I24: 1223–1241 | J24: 61 | K24: 57.3–65.0 | L24: 0.42 | M24: 8 | N24: 支原体补充 | O24: 3.2 | Q24: ✓ | R24: ✓ | S24: 25 | T24: 标准脱盐（Desalt） | U24: 无
A25: 24 | B25: 16S-A6-R | C25: A5-R | D25: GGYWACCTTGTTACGACTT | E25: =LEN(D25) | F25: A6-R | G25: V8·V9 | H25: 反向 R | I25: 1492–1510 | J25: 57.3 | K25: 55.8–59.4 | L25: 0.42 | M25: 4 | N25: 核心/借鉴 | O25: 1.8 | P25: ✓ | Q25: ✓ | R25: ✓ | S25: 25 | T25: 标准脱盐（Desalt） | U25: 无
B27: 合计 | E27: 寡核苷酸数 | F27: =COUNTA(B2:B25) | O27: 各池寡核苷酸数 | P27: =COUNTIF(P2:P25,"✓") | Q27: =COUNTIF(Q2:Q25,"✓") | R27: =COUNTIF(R2:R25,"✓")
O28: 各池展开序列总数 | P28: =SUMIF(P2:P25,"✓",M2:M25) | Q28: =SUMIF(Q2:Q25,"✓",M2:M25) | R28: =SUMIF(R2:R25,"✓",M2:M25)
B30: 黄色底 = 请确认或修改的订购设置（合成规模 25 nmol 和标准脱盐是占位默认值，不是推荐）。

Sheet 12 条池
A1: 12 条池配制表（100 µL 的 10× 混合液）
A3: 母液浓度 µM | B3: 100
A4: 10× 混合液体积 µL | B4: 100
A5: 每个位点在 10× 混合液里的浓度 µM | B5: 2.5 | C5: 终浓度 = 该值 ÷ 10 = 0.25 µM（250 nM）
A6: 每个位点的母液体积 µL | B6: =B4*B5/B3 | C6: 公式：体积 × 浓度 ÷ 母液浓度
A8: 订购名称 | B8: 序列 5′→3′ | C8: 引物位点 | D8: 展开序列数 | E8: 位点内比例（输入） | F8: 加入体积 µL | G8: 位点内比例合计 | H8: 核对
A9: 16S-A1-F | B9: AGRGTTTGATYMTGGCT | C9: A1-F | D9: 8 | E9: 1 | F9: =E9*$B$6 | G9: =SUMIF($C$9:$C$20,C9,$E$9:$E$20) | H9: =IF(ABS(G9-1)<0.002,"OK","请检查")
A10: 16S-A1-R.1 | B10: TTACCYCACCAACWARCT | C10: A1-R | D10: 8 | E10: 1 | F10: =E10*$B$6 | G10: =SUMIF($C$9:$C$20,C10,$E$9:$E$20) | H10: =IF(ABS(G10-1)<0.002,"OK","请检查")
A11: 16S-A2-F.1 | B11: ACWYCTACGGGWGGCAGCA | C11: A2-F | D11: 8 | E11: 1 | F11: =E11*$B$6 | G11: =SUMIF($C$9:$C$20,C11,$E$9:$E$20) | H11: =IF(ABS(G11-1)<0.002,"OK","请检查")
A12: 16S-A2-R | B12: TATTACCGCGRCTGCTGGCA | C12: A2-R | D12: 2 | E12: 1 | F12: =E12*$B$6 | G12: =SUMIF($C$9:$C$20,C12,$E$9:$E$20) | H12: =IF(ABS(G12-1)<0.002,"OK","请检查")
A13: 16S-A3-F.1 | B13: GGAWTYAYTGGGCGTAAAG | C13: A3-F | D13: 8 | E13: 0.855 | F13: =E13*$B$6 | G13: =SUMIF($C$9:$C$20,C13,$E$9:$E$20) | H13: =IF(ABS(G13-1)<0.002,"OK","请检查")
A14: 16S-A3-F.2 | B14: CGGRAWTYATTGGGTTTAAAG | C14: A3-F | D14: 8 | E14: 0.145 | F14: =E14*$B$6 | G14: =SUMIF($C$9:$C$20,C14,$E$9:$E$20) | H14: =IF(ABS(G14-1)<0.002,"OK","请检查")
A15: 16S-A3-R | B15: ACTACCRGGGTATCTAAKCC | C15: A3-R | D15: 4 | E15: 1 | F15: =E15*$B$6 | G15: =SUMIF($C$9:$C$20,C15,$E$9:$E$20) | H15: =IF(ABS(G15-1)<0.002,"OK","请检查")
A16: 16S-A4-R.1 | B16: CCCGTCAATTYCTTTRAGTTT | C16: A4-R | D16: 4 | E16: 1 | F16: =E16*$B$6 | G16: =SUMIF($C$9:$C$20,C16,$E$9:$E$20) | H16: =IF(ABS(G16-1)<0.002,"OK","请检查")
A17: 16S-A5-F.1 | B17: MWACGCGARGAACCTTACC | C17: A5-F | D17: 8 | E17: 1 | F17: =E17*$B$6 | G17: =SUMIF($C$9:$C$20,C17,$E$9:$E$20) | H17: =IF(ABS(G17-1)<0.002,"OK","请检查")
A18: 16S-A5-R.1 | B18: ACGTCRTCCYCACCTTCCY | C18: A5-R | D18: 8 | E18: 1 | F18: =E18*$B$6 | G18: =SUMIF($C$9:$C$20,C18,$E$9:$E$20) | H18: =IF(ABS(G18-1)<0.002,"OK","请检查")
A19: 16S-A6-F.2 | B19: GCTACACACGTVMTACAAT | C19: A6-F | D19: 6 | E19: 1 | F19: =E19*$B$6 | G19: =SUMIF($C$9:$C$20,C19,$E$9:$E$20) | H19: =IF(ABS(G19-1)<0.002,"OK","请检查")
A20: 16S-A6-R | B20: GGYWACCTTGTTACGACTT | C20: A6-R | D20: 4 | E20: 1 | F20: =E20*$B$6 | G20: =SUMIF($C$9:$C$20,C20,$E$9:$E$20) | H20: =IF(ABS(G20-1)<0.002,"OK","请检查")
A22: 合计 | B22: ← 寡核苷酸数（C 列）、展开序列总数（D 列）、母液总体积（F 列） | C22: =COUNTA(A9:A20) | D22: =SUM(D9:D20) | F22: =SUM(F9:F20)
A23: 加水 µL | F23: =B4-F22
A24: 总体积 µL | F24: =F22+F23
A26: 用法：每 25 µL PCR 加 2.5 µL 10× 混合液。比例列是输入（蓝色），修改后体积自动更新；同位点内比例合计应为 100%。

Sheet 16 条池
A1: 16 条池配制表（100 µL 的 10× 混合液）
A3: 母液浓度 µM | B3: 100
A4: 10× 混合液体积 µL | B4: 100
A5: 每个位点在 10× 混合液里的浓度 µM | B5: 2.5 | C5: 终浓度 = 该值 ÷ 10 = 0.25 µM（250 nM）
A6: 每个位点的母液体积 µL | B6: =B4*B5/B3 | C6: 公式：体积 × 浓度 ÷ 母液浓度
A8: 订购名称 | B8: 序列 5′→3′ | C8: 引物位点 | D8: 展开序列数 | E8: 位点内比例（输入） | F8: 加入体积 µL | G8: 位点内比例合计 | H8: 核对
A9: 16S-A1-F.SNAP | B9: GAGTTTGATCMTGGCTCAG | C9: A1-F | D9: 2 | E9: 1 | F9: =E9*$B$6 | G9: =SUMIF($C$9:$C$24,C9,$E$9:$E$24) | H9: =IF(ABS(G9-1)<0.002,"OK","请检查")
A10: 16S-A1-R.1 | B10: TTACCYCACCAACWARCT | C10: A1-R | D10: 8 | E10: 0.522 | F10: =E10*$B$6 | G10: =SUMIF($C$9:$C$24,C10,$E$9:$E$24) | H10: =IF(ABS(G10-1)<0.002,"OK","请检查")
A11: 16S-A1-R.2 | B11: TTACCCCRCCAACTABCT | C11: A1-R | D11: 6 | E11: 0.478 | F11: =E11*$B$6 | G11: =SUMIF($C$9:$C$24,C11,$E$9:$E$24) | H11: =IF(ABS(G11-1)<0.002,"OK","请检查")
A12: 16S-A2-F.1 | B12: ACWYCTACGGGWGGCAGCA | C12: A2-F | D12: 8 | E12: 1 | F12: =E12*$B$6 | G12: =SUMIF($C$9:$C$24,C12,$E$9:$E$24) | H12: =IF(ABS(G12-1)<0.002,"OK","请检查")
A13: 16S-A2-R | B13: TATTACCGCGRCTGCTGGCA | C13: A2-R | D13: 2 | E13: 1 | F13: =E13*$B$6 | G13: =SUMIF($C$9:$C$24,C13,$E$9:$E$24) | H13: =IF(ABS(G13-1)<0.002,"OK","请检查")
A14: 16S-A3-F.1 | B14: GGAWTYAYTGGGCGTAAAG | C14: A3-F | D14: 8 | E14: 0.855 | F14: =E14*$B$6 | G14: =SUMIF($C$9:$C$24,C14,$E$9:$E$24) | H14: =IF(ABS(G14-1)<0.002,"OK","请检查")
A15: 16S-A3-F.2 | B15: CGGRAWTYATTGGGTTTAAAG | C15: A3-F | D15: 8 | E15: 0.145 | F15: =E15*$B$6 | G15: =SUMIF($C$9:$C$24,C15,$E$9:$E$24) | H15: =IF(ABS(G15-1)<0.002,"OK","请检查")
A16: 16S-A3-R | B16: ACTACCRGGGTATCTAAKCC | C16: A3-R | D16: 4 | E16: 1 | F16: =E16*$B$6 | G16: =SUMIF($C$9:$C$24,C16,$E$9:$E$24) | H16: =IF(ABS(G16-1)<0.002,"OK","请检查")
A17: 16S-A4-R.1 | B17: CCCGTCAATTYCTTTRAGTTT | C17: A4-R | D17: 4 | E17: 1 | F17: =E17*$B$6 | G17: =SUMIF($C$9:$C$24,C17,$E$9:$E$24) | H17: =IF(ABS(G17-1)<0.002,"OK","请检查")
A18: 16S-A5-F.1 | B18: MWACGCGARGAACCTTACC | C18: A5-F | D18: 8 | E18: 0.9 | F18: =E18*$B$6 | G18: =SUMIF($C$9:$C$24,C18,$E$9:$E$24) | H18: =IF(ABS(G18-1)<0.002,"OK","请检查")
A19: 16S-A5-F.3s | B19: RTACMCGAARAACCTTACC | C19: A5-F | D19: 8 | E19: 0.1 | F19: =E19*$B$6 | G19: =SUMIF($C$9:$C$24,C19,$E$9:$E$24) | H19: =IF(ABS(G19-1)<0.002,"OK","请检查")
A20: 16S-A5-R.1 | B20: ACGTCRTCCYCACCTTCCY | C20: A5-R | D20: 8 | E20: 1 | F20: =E20*$B$6 | G20: =SUMIF($C$9:$C$24,C20,$E$9:$E$24) | H20: =IF(ABS(G20-1)<0.002,"OK","请检查")
... A24: 16S-A6-R | B24: GGYWACCTTGTTACGACTT | C24: A6-R | D24: 4 | E24: 1 | F24: =E24*$B$6 | G24: =SUMIF($C$9:$C$24,C24,$E$9:$E$24) | H24: =IF(ABS(G24-1)<0.002,"OK","请检查")
A26: 合计 | B26: ← 寡核苷酸数（C 列）、展开序列总数（D 列）、母液总体积（F 列） | C26: =COUNTA(A9:A24) | D26: =SUM(D9:D24) | F26: =SUM(F9:F24)
A27: 加水 µL | F27: =B4-F26
A28: 总体积 µL | F28: =F26+F27
A30: 用法：每 25 µL PCR 加 2.5 µL 10× 混合液。比例列是输入（蓝色），修改后体积自动更新；同位点内比例合计应为 100%。

Sheet 24 条池
A1: 24 条池配制表（100 µL 的 10× 混合液）
A3: 母液浓度 µM | B3: 100
A4: 10× 混合液体积 µL | B4: 100
A5: 每个位点在 10× 混合液里的浓度 µM | B5: 2.5 | C5: 终浓度 = 该值 ÷ 10 = 0.25 µM（250 nM）
A6: 每个位点的母液体积 µL | B6: =B4*B5/B3 | C6: 公式：体积 × 浓度 ÷ 母液浓度
A8: 订购名称 | B8: 序列 5′→3′ | C8: 引物位点 | D8: 展开序列数 | E8: 位点内比例（输入） | F8: 加入体积 µL | G8: 位点内比例合计 | H8: 核对
A9: 16S-A1-F | B9: AGRGTTTGATYMTGGCT | C9: A1-F | D9: 8 | E9: 0.503 | F9: =E9*$B$6 | G9: =SUMIF($C$9:$C$32,C9,$E$9:$E$32) | H9: =IF(ABS(G9-1)<0.002,"OK","请检查")
A10: 16S-A1-F.SNAP | B10: GAGTTTGATCMTGGCTCAG | C10: A1-F | D10: 2 | E10: 0.497 | F10: =E10*$B$6 | G10: =SUMIF($C$9:$C$32,C10,$E$9:$E$32) | H10: =IF(ABS(G10-1)<0.002,"OK","请检查")
A11: 16S-A1-R.1 | B11: TTACCYCACCAACWARCT | C11: A1-R | D11: 8 | E11: 0.396 | F11: =E11*$B$6 | G11: =SUMIF($C$9:$C$32,C11,$E$9:$E$32) | H11: =IF(ABS(G11-1)<0.002,"OK","请检查")
A12: 16S-A1-R.2 | B12: TTACCCCRCCAACTABCT | C12: A1-R | D12: 6 | E12: 0.362 | F12: =E12*$B$6 | G12: =SUMIF($C$9:$C$32,C12,$E$9:$E$32) | H12: =IF(ABS(G12-1)<0.002,"OK","请检查")
A13: 16S-A1-R.3 | B13: CGTTACCYTACCAACTARYT | C13: A1-R | D13: 8 | E13: 0.142 | F13: =E13*$B$6 | G13: =SUMIF($C$9:$C$32,C13,$E$9:$E$32) | H13: =IF(ABS(G13-1)<0.002,"OK","请检查")
A14: 16S-A1-R.4s | B14: CATTACCCYACCAACTARYT | C14: A1-R | D14: 8 | E14: 0.1 | F14: =E14*$B$6 | G14: =SUMIF($C$9:$C$32,C14,$E$9:$E$32) | H14: =IF(ABS(G14-1)<0.002,"OK","请检查")
A15: 16S-A2-F.1 | B15: ACWYCTACGGGWGGCAGCA | C15: A2-F | D15: 8 | E15: 0.9 | F15: =E15*$B$6 | G15: =SUMIF($C$9:$C$32,C15,$E$9:$E$32) | H15: =IF(ABS(G15-1)<0.002,"OK","请检查")
A16: 16S-A2-F.2s | B16: ACTCCTACGGGAAGCASMA | C16: A2-F | D16: 4 | E16: 0.1 | F16: =E16*$B$6 | G16: =SUMIF($C$9:$C$32,C16,$E$9:$E$32) | H16: =IF(ABS(G16-1)<0.002,"OK","请检查")
A17: 16S-A2-R | B17: TATTACCGCGRCTGCTGGCA | C17: A2-R | D17: 2 | E17: 1 | F17: =E17*$B$6 | G17: =SUMIF($C$9:$C$32,C17,$E$9:$E$32) | H17: =IF(ABS(G17-1)<0.002,"OK","请检查")
A18: 16S-A3-F.1 | B18: GGAWTYAYTGGGCGTAAAG | C18: A3-F | D18: 8 | E18: 0.855 | F18: =E18*$B$6 | G18: =SUMIF($C$9:$C$32,C18,$E$9:$E$32) | H18: =IF(ABS(G18-1)<0.002,"OK","请检查")
A19: 16S-A3-F.2 | B19: CGGRAWTYATTGGGTTTAAAG | C19: A3-F | D19: 8 | E19: 0.145 | F19: =E19*$B$6 | G19: =SUMIF($C$9:$C$32,C19,$E$9:$E$32) | H19: =IF(ABS(G19-1)<0.002,"OK","请检查")
A20: 16S-A3-R | B20: ACTACCRGGGTATCTAAKCC | C20: A3-R | D20: 4 | E20: 1 | F20: =E20*$B$6 | G20: =SUMIF($C$9:$C$32,C20,$E$9:$E$32) | H20: =IF(ABS(G20-1)<0.002,"OK","请检查")
... A32: 16S-A6-R | B32: GGYWACCTTGTTACGACTT | C32: A6-R | D32: 4 | E32: 1 | F32: =E32*$B$6 | G32: =SUMIF($C$9:$C$32,C32,$E$9:$E$32) | H32: =IF(ABS(G32-1)<0.002,"OK","请检查")
A34: 合计 | B34: ← 寡核苷酸数（C 列）、展开序列总数（D 列）、母液总体积（F 列） | C34: =COUNTA(A9:A32) | D34: =SUM(D9:D32) | F34: =SUM(F9:F32)
A35: 加水 µL | F35: =B4-F34
A36: 总体积 µL | F36: =F34+F35
A38: 用法：每 25 µL PCR 加 2.5 µL 10× 混合液。比例列是输入（蓝色），修改后体积自动更新；同位点内比例合计应为 100%。

Sheet 名称对照
A1: 订购名称 | B1: 分析里的旧名（早期页面和文件） | C1: 订购名称对应的位点 | D1: 区域 | E1: 说明
A2: 16S-A1-F | B2: A1-F | C2: A1-F | D2: V1·V2
A3: 16S-A1-F.SNAP | B3: A1-F.V1f（SNAP） | C3: A1-F | D3: V1·V2 | E3: 借鉴 Swift SNAP
A4: 16S-A1-R.1 | B4: A1-R.1 | C4: A1-R | D4: V1·V2
A5: 16S-A1-R.2 | B5: A1-R.2 | C5: A1-R | D5: V1·V2
A6: 16S-A1-R.3 | B6: A1-R.3 | C6: A1-R | D6: V1·V2
A7: 16S-A1-R.4s | B7: A1-R.4（补充） | C7: A1-R | D7: V1·V2 | E7: 支原体补充
A8: 16S-A2-F.1 | B8: A2-F.1 | C8: A2-F | D8: V3
A9: 16S-A2-F.2s | B9: A2-F.2（补充） | C9: A2-F | D9: V3 | E9: 支原体补充
A10: 16S-A2-R | B10: A2-R | C10: A2-R | D10: V3
A11: 16S-A3-F.1 | B11: A3-F.1 | C11: A3-F | D11: V4
A12: 16S-A3-F.2 | B12: A3-F.2 | C12: A3-F | D12: V4
A13: 16S-A3-R | B13: A3-R | C13: A3-R | D13: V4
A14: 16S-A4-R.1 | B14: V5-R.1 | C14: A4-R | D14: V5
A15: 16S-A4-R.2 | B15: V5-R.2 | C15: A4-R | D15: V5
A16: 16S-A4-R.SNAP | B16: V5-R.907R（SNAP） | C16: A4-R | D16: V5 | E16: 借鉴 Swift SNAP
A17: 16S-A5-F.1 | B17: A4-F.1 | C17: A5-F | D17: V6·V7
A18: 16S-A5-F.2 | B18: A4-F.2 | C18: A5-F | D18: V6·V7
A19: 16S-A5-F.3s | B19: A4-F.3（补充） | C19: A5-F | D19: V6·V7 | E19: 支原体补充
A20: 16S-A5-R.1 | B20: A4-R.1 | C20: A5-R | D20: V6·V7
A21: 16S-A5-R.2s | B21: A4-R.2（补充） | C21: A5-R | D21: V6·V7 | E21: 支原体补充
A22: 16S-A6-F.1 | B22: A5-F.1 | C22: A6-F | D22: V8·V9
A23: 16S-A6-F.2 | B23: A5-F.2 | C23: A6-F | D23: V8·V9
A24: 16S-A6-F.3s | B24: A5-F.3（补充） | C24: A6-F | D24: V8·V9 | E24: 支原体补充
A25: 16S-A6-R | B25: A5-R | C25: A6-R | D25: V8·V9

Sheet 池比较
A1: 三个池的评估摘要（序列层面的计算，非实测）
A3: 指标 | B3: 12 条池 | C3: 16 条池 | D3: 24 条池 | E3: 说明 / 来源
A4: 寡核苷酸数 | B4: ='12 条池'!C22 | C4: ='16 条池'!C26 | D4: ='24 条池'!C34 | E4: 公式：来自各池工作表的合计行
A5: 展开序列总数 | B5: ='12 条池'!D22 | C5: ='16 条池'!D26 | D5: ='24 条池'!D34 | E5: 公式：来自各池工作表的合计行
A6: 综合得分 J | B6: 0.8815 | C6: 0.9228 | D6: 0.9319 | E6: 三项等权平均：属准确率（完整数据库）、扩增子覆盖（主要门平均）、支原体至少扩出 3 个扩增子；留出集 2,196 条序列
A7: J 的 95% 区间下限 | B7: 0.8696 | C7: 0.915 | D7: 0.9247 | E7: 对样本序列 400 次自助重抽样
A8: J 的 95% 区间上限 | B8: 0.8913 | C8: 0.9301 | D8: 0.9385 | E8: 同上
A9: 属准确率（完整数据库） | B9: 0.9383 | C9: 0.9394 | D9: 0.9413 | E9: 属级最近邻，样本只有扩出的扩增子
A10: 扩增子覆盖（主要门平均） | B10: 0.848 | C10: 0.8969 | D10: 0.9055 | E10: Greengenes 与 SILVA 主要门平均的平均
A11: 支原体至少扩出 3 个扩增子 | B11: 0.8581 | C11: 0.9323 | D11: 0.9489 | E11: 缺数据的序列按未扩出算，数值偏保守
A12: 6 个扩增子全部扩出，Greengenes | B12: 0.533 | C12: 0.665 | D12: 0.704
A13: 6 个扩增子全部扩出，SILVA | B13: 0.412 | C13: 0.545 | D13: 0.576
A14: 平均 Tm 最低 °C | B14: 54.8 | C14: 56.1 | D14: 54.8 | E14: primer3，50 mM Na⁺、2 mM Mg²⁺、0.2 mM dNTP、250 nM 引物
A15: 平均 Tm 最高 °C | B15: 66.9 | C15: 66.9 | D15: 66.9
A16: 严重二聚体数 | B16: 0 | C16: 0 | D16: 0 | E16: 池内含展开序列两两检查（ΔG ≤ −9 kcal/mol 或 3′ 端 ≤ −6）
A17: 人基因组 ≤2 错配位点 | B17: 2849 | C17: 702 | D17: 3125 | E17: hg19；16 条池低是因为用了 V1_f，不是条数
A18: 人基因组 ≤3 错配潜在产物（80–1500 bp） | B18: 50 | C18: 3 | D18: 60 | E18: 同上
A21: 以上评估数值是计算结果（硬编码，来源：primer_order_list_levels.html 和 docs/primer_design/lvl4_*.csv），不会随配制表变化；前两行是公式。
