Workbook

Sheet 说明
A1: 自建 UDP（DN）从 480 对候选中选出的 48 / 96 组
A2: 命名：候选管编号 k（DN001–DN480）对应 i5 = DN5{k:03d}（放正向引物 5′端）、i7 = DN7{k:03d}（放反向引物 5′端），例如 k=1 → DN5001 / DN7001。i5、i7 按候选管配对，只用同一管里的一对做管内评估。
A3: 选择逻辑：① 480 个候选管都按 33 条引物池（60 个正向、138 个反向展开序列）加尾巴后做整管评估（primer3，58 °C）；② 分级 A：全局二聚体 ΔG ≥ −7 且 3′端 ≥ −4.5；B：≥ −8.5 且 ≥ −5.5；C：其余（阈值是经验阈值，基线无尾巴为 −5.7 / −3.8）；③ 在 A/B 级管里用模拟退火选 N 个管，硬约束：所选 i5∪i7 两两 Levenshtein ≥4、与对方反向互补 ≥4；每个周期（第 1–10 位）GC、A+C、A+T 占比 40–60%、A/C/G/T 各 ≥15%（i5、i7 各自）；软目标：A 级尽量多、二聚体尽量弱。
A4: 候选管总分级：A 94、B 171、C 215（480 个）。A 级总数不够，且全 A 级的子集无法满足每周期配色和距离约束，所以 48 / 96 组里都需要 B 级管。
A5: 48 组独立验证：最小编辑距离=4；最小反向互补距离=4；每周期全部达标=True；GC范围=(4, 6)；同聚物个数=0；序列数=96；分级 A 28 / B 20 / C 0
A6: 没有评估的：真实接头；实验验证（条形码紧邻引物会带来扩增偏好，建议同样品多条形码做对照）。代码见 python_5R/explore/udp_dn_select_fast.py、udp_dn_export.py；逻辑说明见 docs/primer_design/udp_denovo/SELECTION.md。

Sheet 48组
A1: 序号 | B1: 管编号 | C1: i5 名称 | D1: i7 名称 | E1: i5 序列 | F1: i7 序列 | G1: i5 GC | H1: i7 GC | I1: 分级 | J1: 全局二聚体最差 ΔG | K1: 3′端最差 ΔG | L1: 发夹最差 ΔG | M1: Olivar 总坏度 | N1: 人 全长≤3错配 | O1: 猪 全长≤3错配 | P1: i5 第1位 | Q1: i5 第2位 | R1: i5 第3位 | S1: i5 第4位 | T1: i5 第5位 | U1: i5 第6位 | V1: i5 第7位 | W1: i5 第8位 | X1: i5 第9位 | Y1: i5 第10位 | Z1: i7 第1位 | AA1: i7 第2位 | AB1: i7 第3位 | AC1: i7 第4位 | AD1: i7 第5位 | AE1: i7 第6位 | AF1: i7 第7位 | AG1: i7 第8位 | AH1: i7 第9位 | AI1: i7 第10位
A2: 1 | B2: DN022 | C2: DN5022 | D2: DN7022 | E2: GCCTTACGCA | F2: GATCACGTCG | G2: =LEN(SUBSTITUTE(SUBSTITUTE(E2,"A",""),"T","")) | H2: =LEN(SUBSTITUTE(SUBSTITUTE(F2,"A",""),"T","")) | I2: A | J2: -6.99 | K2: -3.88 | L2: -2.99 | M2: 43702 | P2: =MID($E2,1,1) | Q2: =MID($E2,2,1) | R2: =MID($E2,3,1) | S2: =MID($E2,4,1) | T2: =MID($E2,5,1) | U2: =MID($E2,6,1) | V2: =MID($E2,7,1) | W2: =MID($E2,8,1) | X2: =MID($E2,9,1) | Y2: =MID($E2,10,1) | Z2: =MID($F2,1,1) | AA2: =MID($F2,2,1) | AB2: =MID($F2,3,1) | AC2: =MID($F2,4,1) | AD2: =MID($F2,5,1) | AE2: =MID($F2,6,1) | AF2: =MID($F2,7,1) | AG2: =MID($F2,8,1) | AH2: =MID($F2,9,1) | AI2: =MID($F2,10,1)
A3: 2 | B3: DN023 | C3: DN5023 | D3: DN7023 | E3: AGTTCAGTGA | F3: TGTGTCCAAT | G3: =LEN(SUBSTITUTE(SUBSTITUTE(E3,"A",""),"T","")) | H3: =LEN(SUBSTITUTE(SUBSTITUTE(F3,"A",""),"T","")) | I3: A | J3: -6.26 | K3: -3.83 | L3: -1.59 | M3: 52064 | P3: =MID($E3,1,1) | Q3: =MID($E3,2,1) | R3: =MID($E3,3,1) | S3: =MID($E3,4,1) | T3: =MID($E3,5,1) | U3: =MID($E3,6,1) | V3: =MID($E3,7,1) | W3: =MID($E3,8,1) | X3: =MID($E3,9,1) | Y3: =MID($E3,10,1) | Z3: =MID($F3,1,1) | AA3: =MID($F3,2,1) | AB3: =MID($F3,3,1) | AC3: =MID($F3,4,1) | AD3: =MID($F3,5,1) | AE3: =MID($F3,6,1) | AF3: =MID($F3,7,1) | AG3: =MID($F3,8,1) | AH3: =MID($F3,9,1) | AI3: =MID($F3,10,1)
A4: 3 | B4: DN025 | C4: DN5025 | D4: DN7025 | E4: CGTAGAGTCG | F4: GAAGGACGTC | G4: =LEN(SUBSTITUTE(SUBSTITUTE(E4,"A",""),"T","")) | H4: =LEN(SUBSTITUTE(SUBSTITUTE(F4,"A",""),"T","")) | I4: B | J4: -8.46 | K4: -5.37 | L4: -1.65 | M4: 268819 | P4: =MID($E4,1,1) | Q4: =MID($E4,2,1) | R4: =MID($E4,3,1) | S4: =MID($E4,4,1) | T4: =MID($E4,5,1) | U4: =MID($E4,6,1) | V4: =MID($E4,7,1) | W4: =MID($E4,8,1) | X4: =MID($E4,9,1) | Y4: =MID($E4,10,1) | Z4: =MID($F4,1,1) | AA4: =MID($F4,2,1) | AB4: =MID($F4,3,1) | AC4: =MID($F4,4,1) | AD4: =MID($F4,5,1) | AE4: =MID($F4,6,1) | AF4: =MID($F4,7,1) | AG4: =MID($F4,8,1) | AH4: =MID($F4,9,1) | AI4: =MID($F4,10,1)
A5: 4 | B5: DN044 | C5: DN5044 | D5: DN7044 | E5: AACGGACCAG | F5: GAATGTCTAG | G5: =LEN(SUBSTITUTE(SUBSTITUTE(E5,"A",""),"T","")) | H5: =LEN(SUBSTITUTE(SUBSTITUTE(F5,"A",""),"T","")) | I5: B | J5: -8.04 | K5: -4.04 | L5: -1.77 | M5: 231007 | P5: =MID($E5,1,1) | Q5: =MID($E5,2,1) | R5: =MID($E5,3,1) | S5: =MID($E5,4,1) | T5: =MID($E5,5,1) | U5: =MID($E5,6,1) | V5: =MID($E5,7,1) | W5: =MID($E5,8,1) | X5: =MID($E5,9,1) | Y5: =MID($E5,10,1) | Z5: =MID($F5,1,1) | AA5: =MID($F5,2,1) | AB5: =MID($F5,3,1) | AC5: =MID($F5,4,1) | AD5: =MID($F5,5,1) | AE5: =MID($F5,6,1) | AF5: =MID($F5,7,1) | AG5: =MID($F5,8,1) | AH5: =MID($F5,9,1) | AI5: =MID($F5,10,1)
A6: 5 | B6: DN047 | C6: DN5047 | D6: DN7047 | E6: TGGCGGACAT | F6: AGGAAGGTCC | G6: =LEN(SUBSTITUTE(SUBSTITUTE(E6,"A",""),"T","")) | H6: =LEN(SUBSTITUTE(SUBSTITUTE(F6,"A",""),"T","")) | I6: A | J6: -5.74 | K6: -4.17 | L6: -1.62 | M6: 45922 | P6: =MID($E6,1,1) | Q6: =MID($E6,2,1) | R6: =MID($E6,3,1) | S6: =MID($E6,4,1) | T6: =MID($E6,5,1) | U6: =MID($E6,6,1) | V6: =MID($E6,7,1) | W6: =MID($E6,8,1) | X6: =MID($E6,9,1) | Y6: =MID($E6,10,1) | Z6: =MID($F6,1,1) | AA6: =MID($F6,2,1) | AB6: =MID($F6,3,1) | AC6: =MID($F6,4,1) | AD6: =MID($F6,5,1) | AE6: =MID($F6,6,1) | AF6: =MID($F6,7,1) | AG6: =MID($F6,8,1) | AH6: =MID($F6,9,1) | AI6: =MID($F6,10,1)
A7: 6 | B7: DN060 | C7: DN5060 | D7: DN7060 | E7: CCAACGTACT | F7: ATCATCGACT | G7: =LEN(SUBSTITUTE(SUBSTITUTE(E7,"A",""),"T","")) | H7: =LEN(SUBSTITUTE(SUBSTITUTE(F7,"A",""),"T","")) | I7: A | J7: -6.8 | K7: -3.89 | L7: -2.05 | M7: 82535 | P7: =MID($E7,1,1) | Q7: =MID($E7,2,1) | R7: =MID($E7,3,1) | S7: =MID($E7,4,1) | T7: =MID($E7,5,1) | U7: =MID($E7,6,1) | V7: =MID($E7,7,1) | W7: =MID($E7,8,1) | X7: =MID($E7,9,1) | Y7: =MID($E7,10,1) | Z7: =MID($F7,1,1) | AA7: =MID($F7,2,1) | AB7: =MID($F7,3,1) | AC7: =MID($F7,4,1) | AD7: =MID($F7,5,1) | AE7: =MID($F7,6,1) | AF7: =MID($F7,7,1) | AG7: =MID($F7,8,1) | AH7: =MID($F7,9,1) | AI7: =MID($F7,10,1)
A8: 7 | B8: DN063 | C8: DN5063 | D8: DN7063 | E8: TTGGTCAGGA | F8: ACGTTAGACA | G8: =LEN(SUBSTITUTE(SUBSTITUTE(E8,"A",""),"T","")) | H8: =LEN(SUBSTITUTE(SUBSTITUTE(F8,"A",""),"T","")) | I8: B | J8: -6.44 | K8: -5.36 | L8: -2.61 | M8: 46291 | P8: =MID($E8,1,1) | Q8: =MID($E8,2,1) | R8: =MID($E8,3,1) | S8: =MID($E8,4,1) | T8: =MID($E8,5,1) | U8: =MID($E8,6,1) | V8: =MID($E8,7,1) | W8: =MID($E8,8,1) | X8: =MID($E8,9,1) | Y8: =MID($E8,10,1) | Z8: =MID($F8,1,1) | AA8: =MID($F8,2,1) | AB8: =MID($F8,3,1) | AC8: =MID($F8,4,1) | AD8: =MID($F8,5,1) | AE8: =MID($F8,6,1) | AF8: =MID($F8,7,1) | AG8: =MID($F8,8,1) | AH8: =MID($F8,9,1) | AI8: =MID($F8,10,1)
A9: 8 | B9: DN066 | C9: DN5066 | D9: DN7066 | E9: TAGTAGGAAC | F9: GCGGTGAGTT | G9: =LEN(SUBSTITUTE(SUBSTITUTE(E9,"A",""),"T","")) | H9: =LEN(SUBSTITUTE(SUBSTITUTE(F9,"A",""),"T","")) | I9: B | J9: -5.95 | K9: -4.95 | L9: -1.59 | M9: 89516 | P9: =MID($E9,1,1) | Q9: =MID($E9,2,1) | R9: =MID($E9,3,1) | S9: =MID($E9,4,1) | T9: =MID($E9,5,1) | U9: =MID($E9,6,1) | V9: =MID($E9,7,1) | W9: =MID($E9,8,1) | X9: =MID($E9,9,1) | Y9: =MID($E9,10,1) | Z9: =MID($F9,1,1) | AA9: =MID($F9,2,1) | AB9: =MID($F9,3,1) | AC9: =MID($F9,4,1) | AD9: =MID($F9,5,1) | AE9: =MID($F9,6,1) | AF9: =MID($F9,7,1) | AG9: =MID($F9,8,1) | AH9: =MID($F9,9,1) | AI9: =MID($F9,10,1)
A10: 9 | B10: DN072 | C10: DN5072 | D10: DN7072 | E10: TACACTATCC | F10: ATATACGTGC | G10: =LEN(SUBSTITUTE(SUBSTITUTE(E10,"A",""),"T","")) | H10: =LEN(SUBSTITUTE(SUBSTITUTE(F10,"A",""),"T","")) | I10: B | J10: -5.84 | K10: -4.54 | L10: -2.75 | M10: 100074 | P10: =MID($E10,1,1) | Q10: =MID($E10,2,1) | R10: =MID($E10,3,1) | S10: =MID($E10,4,1) | T10: =MID($E10,5,1) | U10: =MID($E10,6,1) | V10: =MID($E10,7,1) | W10: =MID($E10,8,1) | X10: =MID($E10,9,1) | Y10: =MID($E10,10,1) | Z10: =MID($F10,1,1) | AA10: =MID($F10,2,1) | AB10: =MID($F10,3,1) | AC10: =MID($F10,4,1) | AD10: =MID($F10,5,1) | AE10: =MID($F10,6,1) | AF10: =MID($F10,7,1) | AG10: =MID($F10,8,1) | AH10: =MID($F10,9,1) | AI10: =MID($F10,10,1)
A11: 10 | B11: DN077 | C11: DN5077 | D11: DN7077 | E11: AGGTCACATA | F11: CGCTGACGAT | G11: =LEN(SUBSTITUTE(SUBSTITUTE(E11,"A",""),"T","")) | H11: =LEN(SUBSTITUTE(SUBSTITUTE(F11,"A",""),"T","")) | I11: A | J11: -6.26 | K11: -3.83 | L11: -1.59 | M11: 55129 | P11: =MID($E11,1,1) | Q11: =MID($E11,2,1) | R11: =MID($E11,3,1) | S11: =MID($E11,4,1) | T11: =MID($E11,5,1) | U11: =MID($E11,6,1) | V11: =MID($E11,7,1) | W11: =MID($E11,8,1) | X11: =MID($E11,9,1) | Y11: =MID($E11,10,1) | Z11: =MID($F11,1,1) | AA11: =MID($F11,2,1) | AB11: =MID($F11,3,1) | AC11: =MID($F11,4,1) | AD11: =MID($F11,5,1) | AE11: =MID($F11,6,1) | AF11: =MID($F11,7,1) | AG11: =MID($F11,8,1) | AH11: =MID($F11,9,1) | AI11: =MID($F11,10,1)
A12: 11 | B12: DN081 | C12: DN5081 | D12: DN7081 | E12: CGGAGACGTA | F12: GCGGTCTATC | G12: =LEN(SUBSTITUTE(SUBSTITUTE(E12,"A",""),"T","")) | H12: =LEN(SUBSTITUTE(SUBSTITUTE(F12,"A",""),"T","")) | I12: A | J12: -5.74 | K12: -3.83 | L12: -1.62 | M12: 50452 | P12: =MID($E12,1,1) | Q12: =MID($E12,2,1) | R12: =MID($E12,3,1) | S12: =MID($E12,4,1) | T12: =MID($E12,5,1) | U12: =MID($E12,6,1) | V12: =MID($E12,7,1) | W12: =MID($E12,8,1) | X12: =MID($E12,9,1) | Y12: =MID($E12,10,1) | Z12: =MID($F12,1,1) | AA12: =MID($F12,2,1) | AB12: =MID($F12,3,1) | AC12: =MID($F12,4,1) | AD12: =MID($F12,5,1) | AE12: =MID($F12,6,1) | AF12: =MID($F12,7,1) | AG12: =MID($F12,8,1) | AH12: =MID($F12,9,1) | AI12: =MID($F12,10,1)
A13: 12 | B13: DN085 | C13: DN5085 | D13: DN7085 | E13: GTGCTGAAGG | F13: TCGACGTAGG | G13: =LEN(SUBSTITUTE(SUBSTITUTE(E13,"A",""),"T","")) | H13: =LEN(SUBSTITUTE(SUBSTITUTE(F13,"A",""),"T","")) | I13: B | J13: -7.72 | K13: -3.99 | L13: -2.35 | M13: 99155 | P13: =MID($E13,1,1) | Q13: =MID($E13,2,1) | R13: =MID($E13,3,1) | S13: =MID($E13,4,1) | T13: =MID($E13,5,1) | U13: =MID($E13,6,1) | V13: =MID($E13,7,1) | W13: =MID($E13,8,1) | X13: =MID($E13,9,1) | Y13: =MID($E13,10,1) | Z13: =MID($F13,1,1) | AA13: =MID($F13,2,1) | AB13: =MID($F13,3,1) | AC13: =MID($F13,4,1) | AD13: =MID($F13,5,1) | AE13: =MID($F13,6,1) | AF13: =MID($F13,7,1) | AG13: =MID($F13,8,1) | AH13: =MID($F13,9,1) | AI13: =MID($F13,10,1)
... A49: 48 | B49: DN477 | C49: DN5477 | D49: DN7477 | E49: AGTCAGCCTT | F49: CTTACTGGAC | G49: =LEN(SUBSTITUTE(SUBSTITUTE(E49,"A",""),"T","")) | H49: =LEN(SUBSTITUTE(SUBSTITUTE(F49,"A",""),"T","")) | I49: A | J49: -5.74 | K49: -3.79 | L49: -1.62 | M49: 58722 | P49: =MID($E49,1,1) | Q49: =MID($E49,2,1) | R49: =MID($E49,3,1) | S49: =MID($E49,4,1) | T49: =MID($E49,5,1) | U49: =MID($E49,6,1) | V49: =MID($E49,7,1) | W49: =MID($E49,8,1) | X49: =MID($E49,9,1) | Y49: =MID($E49,10,1) | Z49: =MID($F49,1,1) | AA49: =MID($F49,2,1) | AB49: =MID($F49,3,1) | AC49: =MID($F49,4,1) | AD49: =MID($F49,5,1) | AE49: =MID($F49,6,1) | AF49: =MID($F49,7,1) | AG49: =MID($F49,8,1) | AH49: =MID($F49,9,1) | AI49: =MID($F49,10,1)

Sheet 48组每周期
A1: 序列 | B1: 周期 | C1: A | D1: C | E1: G | F1: T | G1: GC% | H1: A+C% | I1: A+T% | J1: 是否达标
A2: i5 | B2: 1 | C2: =COUNTIF('48组'!$P$2:$P$49,"A") | D2: =COUNTIF('48组'!$P$2:$P$49,"C") | E2: =COUNTIF('48组'!$P$2:$P$49,"G") | F2: =COUNTIF('48组'!$P$2:$P$49,"T") | G2: =(D2+E2)/48 | H2: =(C2+D2)/48 | I2: =(C2+F2)/48 | J2: =IF(AND(G2>=0.4,G2<=0.6,H2>=0.4,H2<=0.6,I2>=0.4,I2<=0.6,MIN(C2:F2)>=7.2),"是","否")
A3: i5 | B3: 2 | C3: =COUNTIF('48组'!$Q$2:$Q$49,"A") | D3: =COUNTIF('48组'!$Q$2:$Q$49,"C") | E3: =COUNTIF('48组'!$Q$2:$Q$49,"G") | F3: =COUNTIF('48组'!$Q$2:$Q$49,"T") | G3: =(D3+E3)/48 | H3: =(C3+D3)/48 | I3: =(C3+F3)/48 | J3: =IF(AND(G3>=0.4,G3<=0.6,H3>=0.4,H3<=0.6,I3>=0.4,I3<=0.6,MIN(C3:F3)>=7.2),"是","否")
A4: i5 | B4: 3 | C4: =COUNTIF('48组'!$R$2:$R$49,"A") | D4: =COUNTIF('48组'!$R$2:$R$49,"C") | E4: =COUNTIF('48组'!$R$2:$R$49,"G") | F4: =COUNTIF('48组'!$R$2:$R$49,"T") | G4: =(D4+E4)/48 | H4: =(C4+D4)/48 | I4: =(C4+F4)/48 | J4: =IF(AND(G4>=0.4,G4<=0.6,H4>=0.4,H4<=0.6,I4>=0.4,I4<=0.6,MIN(C4:F4)>=7.2),"是","否")
A5: i5 | B5: 4 | C5: =COUNTIF('48组'!$S$2:$S$49,"A") | D5: =COUNTIF('48组'!$S$2:$S$49,"C") | E5: =COUNTIF('48组'!$S$2:$S$49,"G") | F5: =COUNTIF('48组'!$S$2:$S$49,"T") | G5: =(D5+E5)/48 | H5: =(C5+D5)/48 | I5: =(C5+F5)/48 | J5: =IF(AND(G5>=0.4,G5<=0.6,H5>=0.4,H5<=0.6,I5>=0.4,I5<=0.6,MIN(C5:F5)>=7.2),"是","否")
A6: i5 | B6: 5 | C6: =COUNTIF('48组'!$T$2:$T$49,"A") | D6: =COUNTIF('48组'!$T$2:$T$49,"C") | E6: =COUNTIF('48组'!$T$2:$T$49,"G") | F6: =COUNTIF('48组'!$T$2:$T$49,"T") | G6: =(D6+E6)/48 | H6: =(C6+D6)/48 | I6: =(C6+F6)/48 | J6: =IF(AND(G6>=0.4,G6<=0.6,H6>=0.4,H6<=0.6,I6>=0.4,I6<=0.6,MIN(C6:F6)>=7.2),"是","否")
A7: i5 | B7: 6 | C7: =COUNTIF('48组'!$U$2:$U$49,"A") | D7: =COUNTIF('48组'!$U$2:$U$49,"C") | E7: =COUNTIF('48组'!$U$2:$U$49,"G") | F7: =COUNTIF('48组'!$U$2:$U$49,"T") | G7: =(D7+E7)/48 | H7: =(C7+D7)/48 | I7: =(C7+F7)/48 | J7: =IF(AND(G7>=0.4,G7<=0.6,H7>=0.4,H7<=0.6,I7>=0.4,I7<=0.6,MIN(C7:F7)>=7.2),"是","否")
A8: i5 | B8: 7 | C8: =COUNTIF('48组'!$V$2:$V$49,"A") | D8: =COUNTIF('48组'!$V$2:$V$49,"C") | E8: =COUNTIF('48组'!$V$2:$V$49,"G") | F8: =COUNTIF('48组'!$V$2:$V$49,"T") | G8: =(D8+E8)/48 | H8: =(C8+D8)/48 | I8: =(C8+F8)/48 | J8: =IF(AND(G8>=0.4,G8<=0.6,H8>=0.4,H8<=0.6,I8>=0.4,I8<=0.6,MIN(C8:F8)>=7.2),"是","否")
A9: i5 | B9: 8 | C9: =COUNTIF('48组'!$W$2:$W$49,"A") | D9: =COUNTIF('48组'!$W$2:$W$49,"C") | E9: =COUNTIF('48组'!$W$2:$W$49,"G") | F9: =COUNTIF('48组'!$W$2:$W$49,"T") | G9: =(D9+E9)/48 | H9: =(C9+D9)/48 | I9: =(C9+F9)/48 | J9: =IF(AND(G9>=0.4,G9<=0.6,H9>=0.4,H9<=0.6,I9>=0.4,I9<=0.6,MIN(C9:F9)>=7.2),"是","否")
A10: i5 | B10: 9 | C10: =COUNTIF('48组'!$X$2:$X$49,"A") | D10: =COUNTIF('48组'!$X$2:$X$49,"C") | E10: =COUNTIF('48组'!$X$2:$X$49,"G") | F10: =COUNTIF('48组'!$X$2:$X$49,"T") | G10: =(D10+E10)/48 | H10: =(C10+D10)/48 | I10: =(C10+F10)/48 | J10: =IF(AND(G10>=0.4,G10<=0.6,H10>=0.4,H10<=0.6,I10>=0.4,I10<=0.6,MIN(C10:F10)>=7.2),"是","否")
A11: i5 | B11: 10 | C11: =COUNTIF('48组'!$Y$2:$Y$49,"A") | D11: =COUNTIF('48组'!$Y$2:$Y$49,"C") | E11: =COUNTIF('48组'!$Y$2:$Y$49,"G") | F11: =COUNTIF('48组'!$Y$2:$Y$49,"T") | G11: =(D11+E11)/48 | H11: =(C11+D11)/48 | I11: =(C11+F11)/48 | J11: =IF(AND(G11>=0.4,G11<=0.6,H11>=0.4,H11<=0.6,I11>=0.4,I11<=0.6,MIN(C11:F11)>=7.2),"是","否")
A12: i7 | B12: 1 | C12: =COUNTIF('48组'!$Z$2:$Z$49,"A") | D12: =COUNTIF('48组'!$Z$2:$Z$49,"C") | E12: =COUNTIF('48组'!$Z$2:$Z$49,"G") | F12: =COUNTIF('48组'!$Z$2:$Z$49,"T") | G12: =(D12+E12)/48 | H12: =(C12+D12)/48 | I12: =(C12+F12)/48 | J12: =IF(AND(G12>=0.4,G12<=0.6,H12>=0.4,H12<=0.6,I12>=0.4,I12<=0.6,MIN(C12:F12)>=7.2),"是","否")
A13: i7 | B13: 2 | C13: =COUNTIF('48组'!$AA$2:$AA$49,"A") | D13: =COUNTIF('48组'!$AA$2:$AA$49,"C") | E13: =COUNTIF('48组'!$AA$2:$AA$49,"G") | F13: =COUNTIF('48组'!$AA$2:$AA$49,"T") | G13: =(D13+E13)/48 | H13: =(C13+D13)/48 | I13: =(C13+F13)/48 | J13: =IF(AND(G13>=0.4,G13<=0.6,H13>=0.4,H13<=0.6,I13>=0.4,I13<=0.6,MIN(C13:F13)>=7.2),"是","否")
A14: i7 | B14: 3 | C14: =COUNTIF('48组'!$AB$2:$AB$49,"A") | D14: =COUNTIF('48组'!$AB$2:$AB$49,"C") | E14: =COUNTIF('48组'!$AB$2:$AB$49,"G") | F14: =COUNTIF('48组'!$AB$2:$AB$49,"T") | G14: =(D14+E14)/48 | H14: =(C14+D14)/48 | I14: =(C14+F14)/48 | J14: =IF(AND(G14>=0.4,G14<=0.6,H14>=0.4,H14<=0.6,I14>=0.4,I14<=0.6,MIN(C14:F14)>=7.2),"是","否")
A15: i7 | B15: 4 | C15: =COUNTIF('48组'!$AC$2:$AC$49,"A") | D15: =COUNTIF('48组'!$AC$2:$AC$49,"C") | E15: =COUNTIF('48组'!$AC$2:$AC$49,"G") | F15: =COUNTIF('48组'!$AC$2:$AC$49,"T") | G15: =(D15+E15)/48 | H15: =(C15+D15)/48 | I15: =(C15+F15)/48 | J15: =IF(AND(G15>=0.4,G15<=0.6,H15>=0.4,H15<=0.6,I15>=0.4,I15<=0.6,MIN(C15:F15)>=7.2),"是","否")
A16: i7 | B16: 5 | C16: =COUNTIF('48组'!$AD$2:$AD$49,"A") | D16: =COUNTIF('48组'!$AD$2:$AD$49,"C") | E16: =COUNTIF('48组'!$AD$2:$AD$49,"G") | F16: =COUNTIF('48组'!$AD$2:$AD$49,"T") | G16: =(D16+E16)/48 | H16: =(C16+D16)/48 | I16: =(C16+F16)/48 | J16: =IF(AND(G16>=0.4,G16<=0.6,H16>=0.4,H16<=0.6,I16>=0.4,I16<=0.6,MIN(C16:F16)>=7.2),"是","否")
A17: i7 | B17: 6 | C17: =COUNTIF('48组'!$AE$2:$AE$49,"A") | D17: =COUNTIF('48组'!$AE$2:$AE$49,"C") | E17: =COUNTIF('48组'!$AE$2:$AE$49,"G") | F17: =COUNTIF('48组'!$AE$2:$AE$49,"T") | G17: =(D17+E17)/48 | H17: =(C17+D17)/48 | I17: =(C17+F17)/48 | J17: =IF(AND(G17>=0.4,G17<=0.6,H17>=0.4,H17<=0.6,I17>=0.4,I17<=0.6,MIN(C17:F17)>=7.2),"是","否")
A18: i7 | B18: 7 | C18: =COUNTIF('48组'!$AF$2:$AF$49,"A") | D18: =COUNTIF('48组'!$AF$2:$AF$49,"C") | E18: =COUNTIF('48组'!$AF$2:$AF$49,"G") | F18: =COUNTIF('48组'!$AF$2:$AF$49,"T") | G18: =(D18+E18)/48 | H18: =(C18+D18)/48 | I18: =(C18+F18)/48 | J18: =IF(AND(G18>=0.4,G18<=0.6,H18>=0.4,H18<=0.6,I18>=0.4,I18<=0.6,MIN(C18:F18)>=7.2),"是","否")
A19: i7 | B19: 8 | C19: =COUNTIF('48组'!$AG$2:$AG$49,"A") | D19: =COUNTIF('48组'!$AG$2:$AG$49,"C") | E19: =COUNTIF('48组'!$AG$2:$AG$49,"G") | F19: =COUNTIF('48组'!$AG$2:$AG$49,"T") | G19: =(D19+E19)/48 | H19: =(C19+D19)/48 | I19: =(C19+F19)/48 | J19: =IF(AND(G19>=0.4,G19<=0.6,H19>=0.4,H19<=0.6,I19>=0.4,I19<=0.6,MIN(C19:F19)>=7.2),"是","否")
A20: i7 | B20: 9 | C20: =COUNTIF('48组'!$AH$2:$AH$49,"A") | D20: =COUNTIF('48组'!$AH$2:$AH$49,"C") | E20: =COUNTIF('48组'!$AH$2:$AH$49,"G") | F20: =COUNTIF('48组'!$AH$2:$AH$49,"T") | G20: =(D20+E20)/48 | H20: =(C20+D20)/48 | I20: =(C20+F20)/48 | J20: =IF(AND(G20>=0.4,G20<=0.6,H20>=0.4,H20<=0.6,I20>=0.4,I20<=0.6,MIN(C20:F20)>=7.2),"是","否")
A21: i7 | B21: 10 | C21: =COUNTIF('48组'!$AI$2:$AI$49,"A") | D21: =COUNTIF('48组'!$AI$2:$AI$49,"C") | E21: =COUNTIF('48组'!$AI$2:$AI$49,"G") | F21: =COUNTIF('48组'!$AI$2:$AI$49,"T") | G21: =(D21+E21)/48 | H21: =(C21+D21)/48 | I21: =(C21+F21)/48 | J21: =IF(AND(G21>=0.4,G21<=0.6,H21>=0.4,H21<=0.6,I21>=0.4,I21<=0.6,MIN(C21:F21)>=7.2),"是","否")
