Workbook

Sheet 说明
A1: 自建 UDP：核心 48 对（96 对的前 48 对）
A2: 做法：960 条自建序列（U001–U960，每条都可当 i5 或 i7）→ 第一阶段单个序列评估 → 第二阶段选 144 个 i5 + 144 个 i7 的候选池（编辑距离 ≥4、跨类反向互补 ≥3、每周期配色达标）→ 第三阶段对 144×144 候选池算 i5×i7 的热点正向×反向相互作用 → 第四阶段模拟退火选 96 对并配对（前 48 对为核心 48 组）→ 整管实测，按实测互换 i7 修复。
A3: 分级来源：实测 48 个管；A：全局二聚体 ≥ −7 且 3′端 ≥ −4.5 kcal/mol；B：≥ −8.5 且 ≥ −5.5；C：其余（经验阈值，无尾巴基线 −5.7 / −3.8）。热点代理的预测比整管实测乐观，本表的分级均为整管实测。
A4: 分级结果：48 组 A 33 / B 15 / C 0。
A5: 引物池：primer_order_6amp_pool33_v3.xlsx（v4 相对 v3 只改 16S-A2-R.1 第 15 位 A→T；分级是用该引物池整管实测的）。
A6: 48 组独立验证：最小编辑距离（全部序列）=4；跨类 i5 对 rc(i7) 最小编辑距离=3；同一序列与自身反向互补最小=4；每周期全部达标=True；GC范围=(4, 6)；同聚物个数=0；序列数=96；与 Illumina 384 对相同序列数=0
A7: 命名：第 n 对的 i5 = DN5{n:03d}（放正向引物 5′端），i7 = DN7{n:03d}（放反向引物 5′端）；“U 编号”是 960 条序列的唯一编号（U001–U480 来自原 i5，U481–U960 来自原 i7，角色可以互换）。
A8: 没有评估的：真实接头；实验验证（建议同样品多条形码对照）。逻辑和代码见 docs/primer_design/udp_denovo960/ 与 python_5R/explore/udp960_*.py。

Sheet 48对
A1: 序号 | B1: 核心48 | C1: i5 名称 | D1: i7 名称 | E1: i5 U编号 | F1: i7 U编号 | G1: i5 序列 | H1: i7 序列 | I1: i5 GC | J1: i7 GC | K1: 分级 | L1: 分级来源 | M1: 全局二聚体最差 ΔG | N1: 3′端最差 ΔG | O1: 发夹最差 ΔG | P1: Olivar 总坏度 | Q1: i5 第1位 | R1: i5 第2位 | S1: i5 第3位 | T1: i5 第4位 | U1: i5 第5位 | V1: i5 第6位 | W1: i5 第7位 | X1: i5 第8位 | Y1: i5 第9位 | Z1: i5 第10位 | AA1: i7 第1位 | AB1: i7 第2位 | AC1: i7 第3位 | AD1: i7 第4位 | AE1: i7 第5位 | AF1: i7 第6位 | AG1: i7 第7位 | AH1: i7 第8位 | AI1: i7 第9位 | AJ1: i7 第10位
A2: 1 | B2: 是 | C2: DN5001 | D2: DN7001 | E2: U237 | F2: U865 | G2: CGGTATCGTC | H2: TGTTGTGCTT | I2: =LEN(SUBSTITUTE(SUBSTITUTE(G2,"A",""),"T","")) | J2: =LEN(SUBSTITUTE(SUBSTITUTE(H2,"A",""),"T","")) | K2: B | L2: 实测 | M2: -6.53 | N2: -4.7 | O2: -1.59 | P2: 65712 | Q2: =MID($G2,1,1) | R2: =MID($G2,2,1) | S2: =MID($G2,3,1) | T2: =MID($G2,4,1) | U2: =MID($G2,5,1) | V2: =MID($G2,6,1) | W2: =MID($G2,7,1) | X2: =MID($G2,8,1) | Y2: =MID($G2,9,1) | Z2: =MID($G2,10,1) | AA2: =MID($H2,1,1) | AB2: =MID($H2,2,1) | AC2: =MID($H2,3,1) | AD2: =MID($H2,4,1) | AE2: =MID($H2,5,1) | AF2: =MID($H2,6,1) | AG2: =MID($H2,7,1) | AH2: =MID($H2,8,1) | AI2: =MID($H2,9,1) | AJ2: =MID($H2,10,1)
A3: 2 | B3: 是 | C3: DN5002 | D3: DN7002 | E3: U013 | F3: U806 | G3: CCATACCAAT | H3: GTCGGTAATA | I3: =LEN(SUBSTITUTE(SUBSTITUTE(G3,"A",""),"T","")) | J3: =LEN(SUBSTITUTE(SUBSTITUTE(H3,"A",""),"T","")) | K3: A | L3: 实测 | M3: -6.1 | N3: -4.17 | O3: -2.61 | P3: 51689 | Q3: =MID($G3,1,1) | R3: =MID($G3,2,1) | S3: =MID($G3,3,1) | T3: =MID($G3,4,1) | U3: =MID($G3,5,1) | V3: =MID($G3,6,1) | W3: =MID($G3,7,1) | X3: =MID($G3,8,1) | Y3: =MID($G3,9,1) | Z3: =MID($G3,10,1) | AA3: =MID($H3,1,1) | AB3: =MID($H3,2,1) | AC3: =MID($H3,3,1) | AD3: =MID($H3,4,1) | AE3: =MID($H3,5,1) | AF3: =MID($H3,6,1) | AG3: =MID($H3,7,1) | AH3: =MID($H3,8,1) | AI3: =MID($H3,9,1) | AJ3: =MID($H3,10,1)
A4: 3 | B4: 是 | C4: DN5003 | D4: DN7003 | E4: U158 | F4: U497 | G4: CACGCTTCCA | H4: CGGACCTATA | I4: =LEN(SUBSTITUTE(SUBSTITUTE(G4,"A",""),"T","")) | J4: =LEN(SUBSTITUTE(SUBSTITUTE(H4,"A",""),"T","")) | K4: A | L4: 实测 | M4: -6.44 | N4: -3.83 | O4: -2.61 | P4: 60610 | Q4: =MID($G4,1,1) | R4: =MID($G4,2,1) | S4: =MID($G4,3,1) | T4: =MID($G4,4,1) | U4: =MID($G4,5,1) | V4: =MID($G4,6,1) | W4: =MID($G4,7,1) | X4: =MID($G4,8,1) | Y4: =MID($G4,9,1) | Z4: =MID($G4,10,1) | AA4: =MID($H4,1,1) | AB4: =MID($H4,2,1) | AC4: =MID($H4,3,1) | AD4: =MID($H4,4,1) | AE4: =MID($H4,5,1) | AF4: =MID($H4,6,1) | AG4: =MID($H4,7,1) | AH4: =MID($H4,8,1) | AI4: =MID($H4,9,1) | AJ4: =MID($H4,10,1)
A5: 4 | B5: 是 | C5: DN5004 | D5: DN7004 | E5: U050 | F5: U757 | G5: GAGTCAGTAT | H5: AGACGATAGC | I5: =LEN(SUBSTITUTE(SUBSTITUTE(G5,"A",""),"T","")) | J5: =LEN(SUBSTITUTE(SUBSTITUTE(H5,"A",""),"T","")) | K5: A | L5: 实测 | M5: -6.65 | N5: -4.32 | O5: -1.62 | P5: 157312 | Q5: =MID($G5,1,1) | R5: =MID($G5,2,1) | S5: =MID($G5,3,1) | T5: =MID($G5,4,1) | U5: =MID($G5,5,1) | V5: =MID($G5,6,1) | W5: =MID($G5,7,1) | X5: =MID($G5,8,1) | Y5: =MID($G5,9,1) | Z5: =MID($G5,10,1) | AA5: =MID($H5,1,1) | AB5: =MID($H5,2,1) | AC5: =MID($H5,3,1) | AD5: =MID($H5,4,1) | AE5: =MID($H5,5,1) | AF5: =MID($H5,6,1) | AG5: =MID($H5,7,1) | AH5: =MID($H5,8,1) | AI5: =MID($H5,9,1) | AJ5: =MID($H5,10,1)
A6: 5 | B6: 是 | C6: DN5005 | D6: DN7005 | E6: U082 | F6: U456 | G6: CCATCCGGAA | H6: ACCGAACACC | I6: =LEN(SUBSTITUTE(SUBSTITUTE(G6,"A",""),"T","")) | J6: =LEN(SUBSTITUTE(SUBSTITUTE(H6,"A",""),"T","")) | K6: A | L6: 实测 | M6: -6.03 | N6: -3.83 | O6: -1.62 | P6: 45375 | Q6: =MID($G6,1,1) | R6: =MID($G6,2,1) | S6: =MID($G6,3,1) | T6: =MID($G6,4,1) | U6: =MID($G6,5,1) | V6: =MID($G6,6,1) | W6: =MID($G6,7,1) | X6: =MID($G6,8,1) | Y6: =MID($G6,9,1) | Z6: =MID($G6,10,1) | AA6: =MID($H6,1,1) | AB6: =MID($H6,2,1) | AC6: =MID($H6,3,1) | AD6: =MID($H6,4,1) | AE6: =MID($H6,5,1) | AF6: =MID($H6,6,1) | AG6: =MID($H6,7,1) | AH6: =MID($H6,8,1) | AI6: =MID($H6,9,1) | AJ6: =MID($H6,10,1)
A7: 6 | B7: 是 | C7: DN5006 | D7: DN7006 | E7: U669 | F7: U035 | G7: ATTAGCCTGA | H7: AATGCGGTCA | I7: =LEN(SUBSTITUTE(SUBSTITUTE(G7,"A",""),"T","")) | J7: =LEN(SUBSTITUTE(SUBSTITUTE(H7,"A",""),"T","")) | K7: A | L7: 实测 | M7: -6.85 | N7: -3.83 | O7: -2.61 | P7: 149755 | Q7: =MID($G7,1,1) | R7: =MID($G7,2,1) | S7: =MID($G7,3,1) | T7: =MID($G7,4,1) | U7: =MID($G7,5,1) | V7: =MID($G7,6,1) | W7: =MID($G7,7,1) | X7: =MID($G7,8,1) | Y7: =MID($G7,9,1) | Z7: =MID($G7,10,1) | AA7: =MID($H7,1,1) | AB7: =MID($H7,2,1) | AC7: =MID($H7,3,1) | AD7: =MID($H7,4,1) | AE7: =MID($H7,5,1) | AF7: =MID($H7,6,1) | AG7: =MID($H7,7,1) | AH7: =MID($H7,8,1) | AI7: =MID($H7,9,1) | AJ7: =MID($H7,10,1)
A8: 7 | B8: 是 | C8: DN5007 | D8: DN7007 | E8: U752 | F8: U027 | G8: CAGGAGGCAA | H8: GTGTTCCTAC | I8: =LEN(SUBSTITUTE(SUBSTITUTE(G8,"A",""),"T","")) | J8: =LEN(SUBSTITUTE(SUBSTITUTE(H8,"A",""),"T","")) | K8: A | L8: 实测 | M8: -6.03 | N8: -4.03 | O8: -1.64 | P8: 65121 | Q8: =MID($G8,1,1) | R8: =MID($G8,2,1) | S8: =MID($G8,3,1) | T8: =MID($G8,4,1) | U8: =MID($G8,5,1) | V8: =MID($G8,6,1) | W8: =MID($G8,7,1) | X8: =MID($G8,8,1) | Y8: =MID($G8,9,1) | Z8: =MID($G8,10,1) | AA8: =MID($H8,1,1) | AB8: =MID($H8,2,1) | AC8: =MID($H8,3,1) | AD8: =MID($H8,4,1) | AE8: =MID($H8,5,1) | AF8: =MID($H8,6,1) | AG8: =MID($H8,7,1) | AH8: =MID($H8,8,1) | AI8: =MID($H8,9,1) | AJ8: =MID($H8,10,1)
A9: 8 | B9: 是 | C9: DN5008 | D9: DN7008 | E9: U898 | F9: U489 | G9: GTAGGAGCGA | H9: AGGCGCCATT | I9: =LEN(SUBSTITUTE(SUBSTITUTE(G9,"A",""),"T","")) | J9: =LEN(SUBSTITUTE(SUBSTITUTE(H9,"A",""),"T","")) | K9: A | L9: 实测 | M9: -6.47 | N9: -3.83 | O9: -1.59 | P9: 163714 | Q9: =MID($G9,1,1) | R9: =MID($G9,2,1) | S9: =MID($G9,3,1) | T9: =MID($G9,4,1) | U9: =MID($G9,5,1) | V9: =MID($G9,6,1) | W9: =MID($G9,7,1) | X9: =MID($G9,8,1) | Y9: =MID($G9,9,1) | Z9: =MID($G9,10,1) | AA9: =MID($H9,1,1) | AB9: =MID($H9,2,1) | AC9: =MID($H9,3,1) | AD9: =MID($H9,4,1) | AE9: =MID($H9,5,1) | AF9: =MID($H9,6,1) | AG9: =MID($H9,7,1) | AH9: =MID($H9,8,1) | AI9: =MID($H9,9,1) | AJ9: =MID($H9,10,1)
A10: 9 | B10: 是 | C10: DN5009 | D10: DN7009 | E10: U954 | F10: U878 | G10: GTTATCGGCC | H10: TAACTGAAGC | I10: =LEN(SUBSTITUTE(SUBSTITUTE(G10,"A",""),"T","")) | J10: =LEN(SUBSTITUTE(SUBSTITUTE(H10,"A",""),"T","")) | K10: B | L10: 实测 | M10: -8.33 | N10: -4.54 | O10: -1.62 | P10: 408389 | Q10: =MID($G10,1,1) | R10: =MID($G10,2,1) | S10: =MID($G10,3,1) | T10: =MID($G10,4,1) | U10: =MID($G10,5,1) | V10: =MID($G10,6,1) | W10: =MID($G10,7,1) | X10: =MID($G10,8,1) | Y10: =MID($G10,9,1) | Z10: =MID($G10,10,1) | AA10: =MID($H10,1,1) | AB10: =MID($H10,2,1) | AC10: =MID($H10,3,1) | AD10: =MID($H10,4,1) | AE10: =MID($H10,5,1) | AF10: =MID($H10,6,1) | AG10: =MID($H10,7,1) | AH10: =MID($H10,8,1) | AI10: =MID($H10,9,1) | AJ10: =MID($H10,10,1)
A11: 10 | B11: 是 | C11: DN5010 | D11: DN7010 | E11: U701 | F11: U102 | G11: CCACAATGTT | H11: CTATCCTCGG | I11: =LEN(SUBSTITUTE(SUBSTITUTE(G11,"A",""),"T","")) | J11: =LEN(SUBSTITUTE(SUBSTITUTE(H11,"A",""),"T","")) | K11: A | L11: 实测 | M11: -6.44 | N11: -4.41 | O11: -3.69 | P11: 37900 | Q11: =MID($G11,1,1) | R11: =MID($G11,2,1) | S11: =MID($G11,3,1) | T11: =MID($G11,4,1) | U11: =MID($G11,5,1) | V11: =MID($G11,6,1) | W11: =MID($G11,7,1) | X11: =MID($G11,8,1) | Y11: =MID($G11,9,1) | Z11: =MID($G11,10,1) | AA11: =MID($H11,1,1) | AB11: =MID($H11,2,1) | AC11: =MID($H11,3,1) | AD11: =MID($H11,4,1) | AE11: =MID($H11,5,1) | AF11: =MID($H11,6,1) | AG11: =MID($H11,7,1) | AH11: =MID($H11,8,1) | AI11: =MID($H11,9,1) | AJ11: =MID($H11,10,1)
A12: 11 | B12: 是 | C12: DN5011 | D12: DN7011 | E12: U496 | F12: U179 | G12: CGCATAAGGT | H12: TCAACCTTGC | I12: =LEN(SUBSTITUTE(SUBSTITUTE(G12,"A",""),"T","")) | J12: =LEN(SUBSTITUTE(SUBSTITUTE(H12,"A",""),"T","")) | K12: A | L12: 实测 | M12: -6 | N12: -3.83 | O12: -1.62 | P12: 82349 | Q12: =MID($G12,1,1) | R12: =MID($G12,2,1) | S12: =MID($G12,3,1) | T12: =MID($G12,4,1) | U12: =MID($G12,5,1) | V12: =MID($G12,6,1) | W12: =MID($G12,7,1) | X12: =MID($G12,8,1) | Y12: =MID($G12,9,1) | Z12: =MID($G12,10,1) | AA12: =MID($H12,1,1) | AB12: =MID($H12,2,1) | AC12: =MID($H12,3,1) | AD12: =MID($H12,4,1) | AE12: =MID($H12,5,1) | AF12: =MID($H12,6,1) | AG12: =MID($H12,7,1) | AH12: =MID($H12,8,1) | AI12: =MID($H12,9,1) | AJ12: =MID($H12,10,1)
A13: 12 | B13: 是 | C13: DN5012 | D13: DN7012 | E13: U565 | F13: U795 | G13: TCGACGTAGG | H13: CCACGGTATC | I13: =LEN(SUBSTITUTE(SUBSTITUTE(G13,"A",""),"T","")) | J13: =LEN(SUBSTITUTE(SUBSTITUTE(H13,"A",""),"T","")) | K13: A | L13: 实测 | M13: -6.89 | N13: -4.48 | O13: -1.62 | P13: 137880 | Q13: =MID($G13,1,1) | R13: =MID($G13,2,1) | S13: =MID($G13,3,1) | T13: =MID($G13,4,1) | U13: =MID($G13,5,1) | V13: =MID($G13,6,1) | W13: =MID($G13,7,1) | X13: =MID($G13,8,1) | Y13: =MID($G13,9,1) | Z13: =MID($G13,10,1) | AA13: =MID($H13,1,1) | AB13: =MID($H13,2,1) | AC13: =MID($H13,3,1) | AD13: =MID($H13,4,1) | AE13: =MID($H13,5,1) | AF13: =MID($H13,6,1) | AG13: =MID($H13,7,1) | AH13: =MID($H13,8,1) | AI13: =MID($H13,9,1) | AJ13: =MID($H13,10,1)
... A49: 48 | B49: 是 | C49: DN5048 | D49: DN7048 | E49: U392 | F49: U814 | G49: CGCGATGAGA | H49: CGAACCAGTT | I49: =LEN(SUBSTITUTE(SUBSTITUTE(G49,"A",""),"T","")) | J49: =LEN(SUBSTITUTE(SUBSTITUTE(H49,"A",""),"T","")) | K49: A | L49: 实测 | M49: -6.59 | N49: -3.83 | O49: -1.59 | P49: 53299 | Q49: =MID($G49,1,1) | R49: =MID($G49,2,1) | S49: =MID($G49,3,1) | T49: =MID($G49,4,1) | U49: =MID($G49,5,1) | V49: =MID($G49,6,1) | W49: =MID($G49,7,1) | X49: =MID($G49,8,1) | Y49: =MID($G49,9,1) | Z49: =MID($G49,10,1) | AA49: =MID($H49,1,1) | AB49: =MID($H49,2,1) | AC49: =MID($H49,3,1) | AD49: =MID($H49,4,1) | AE49: =MID($H49,5,1) | AF49: =MID($H49,6,1) | AG49: =MID($H49,7,1) | AH49: =MID($H49,8,1) | AI49: =MID($H49,9,1) | AJ49: =MID($H49,10,1)

Sheet 每周期统计
A1: 范围 | B1: 序列 | C1: 周期 | D1: A | E1: C | F1: G | G1: T | H1: GC% | I1: A+C% | J1: A+T% | K1: 是否达标
A2: 48 组 | B2: i5 | C2: 1 | D2: =COUNTIF('48对'!$Q$2:$Q$49,"A") | E2: =COUNTIF('48对'!$Q$2:$Q$49,"C") | F2: =COUNTIF('48对'!$Q$2:$Q$49,"G") | G2: =COUNTIF('48对'!$Q$2:$Q$49,"T") | H2: =(E2+F2)/48 | I2: =(D2+E2)/48 | J2: =(D2+G2)/48 | K2: =IF(AND(H2>=0.4,H2<=0.6,I2>=0.4,I2<=0.6,J2>=0.4,J2<=0.6,MIN(D2:G2)>=7.2),"是","否")
A3: 48 组 | B3: i5 | C3: 2 | D3: =COUNTIF('48对'!$R$2:$R$49,"A") | E3: =COUNTIF('48对'!$R$2:$R$49,"C") | F3: =COUNTIF('48对'!$R$2:$R$49,"G") | G3: =COUNTIF('48对'!$R$2:$R$49,"T") | H3: =(E3+F3)/48 | I3: =(D3+E3)/48 | J3: =(D3+G3)/48 | K3: =IF(AND(H3>=0.4,H3<=0.6,I3>=0.4,I3<=0.6,J3>=0.4,J3<=0.6,MIN(D3:G3)>=7.2),"是","否")
A4: 48 组 | B4: i5 | C4: 3 | D4: =COUNTIF('48对'!$S$2:$S$49,"A") | E4: =COUNTIF('48对'!$S$2:$S$49,"C") | F4: =COUNTIF('48对'!$S$2:$S$49,"G") | G4: =COUNTIF('48对'!$S$2:$S$49,"T") | H4: =(E4+F4)/48 | I4: =(D4+E4)/48 | J4: =(D4+G4)/48 | K4: =IF(AND(H4>=0.4,H4<=0.6,I4>=0.4,I4<=0.6,J4>=0.4,J4<=0.6,MIN(D4:G4)>=7.2),"是","否")
A5: 48 组 | B5: i5 | C5: 4 | D5: =COUNTIF('48对'!$T$2:$T$49,"A") | E5: =COUNTIF('48对'!$T$2:$T$49,"C") | F5: =COUNTIF('48对'!$T$2:$T$49,"G") | G5: =COUNTIF('48对'!$T$2:$T$49,"T") | H5: =(E5+F5)/48 | I5: =(D5+E5)/48 | J5: =(D5+G5)/48 | K5: =IF(AND(H5>=0.4,H5<=0.6,I5>=0.4,I5<=0.6,J5>=0.4,J5<=0.6,MIN(D5:G5)>=7.2),"是","否")
A6: 48 组 | B6: i5 | C6: 5 | D6: =COUNTIF('48对'!$U$2:$U$49,"A") | E6: =COUNTIF('48对'!$U$2:$U$49,"C") | F6: =COUNTIF('48对'!$U$2:$U$49,"G") | G6: =COUNTIF('48对'!$U$2:$U$49,"T") | H6: =(E6+F6)/48 | I6: =(D6+E6)/48 | J6: =(D6+G6)/48 | K6: =IF(AND(H6>=0.4,H6<=0.6,I6>=0.4,I6<=0.6,J6>=0.4,J6<=0.6,MIN(D6:G6)>=7.2),"是","否")
A7: 48 组 | B7: i5 | C7: 6 | D7: =COUNTIF('48对'!$V$2:$V$49,"A") | E7: =COUNTIF('48对'!$V$2:$V$49,"C") | F7: =COUNTIF('48对'!$V$2:$V$49,"G") | G7: =COUNTIF('48对'!$V$2:$V$49,"T") | H7: =(E7+F7)/48 | I7: =(D7+E7)/48 | J7: =(D7+G7)/48 | K7: =IF(AND(H7>=0.4,H7<=0.6,I7>=0.4,I7<=0.6,J7>=0.4,J7<=0.6,MIN(D7:G7)>=7.2),"是","否")
A8: 48 组 | B8: i5 | C8: 7 | D8: =COUNTIF('48对'!$W$2:$W$49,"A") | E8: =COUNTIF('48对'!$W$2:$W$49,"C") | F8: =COUNTIF('48对'!$W$2:$W$49,"G") | G8: =COUNTIF('48对'!$W$2:$W$49,"T") | H8: =(E8+F8)/48 | I8: =(D8+E8)/48 | J8: =(D8+G8)/48 | K8: =IF(AND(H8>=0.4,H8<=0.6,I8>=0.4,I8<=0.6,J8>=0.4,J8<=0.6,MIN(D8:G8)>=7.2),"是","否")
A9: 48 组 | B9: i5 | C9: 8 | D9: =COUNTIF('48对'!$X$2:$X$49,"A") | E9: =COUNTIF('48对'!$X$2:$X$49,"C") | F9: =COUNTIF('48对'!$X$2:$X$49,"G") | G9: =COUNTIF('48对'!$X$2:$X$49,"T") | H9: =(E9+F9)/48 | I9: =(D9+E9)/48 | J9: =(D9+G9)/48 | K9: =IF(AND(H9>=0.4,H9<=0.6,I9>=0.4,I9<=0.6,J9>=0.4,J9<=0.6,MIN(D9:G9)>=7.2),"是","否")
A10: 48 组 | B10: i5 | C10: 9 | D10: =COUNTIF('48对'!$Y$2:$Y$49,"A") | E10: =COUNTIF('48对'!$Y$2:$Y$49,"C") | F10: =COUNTIF('48对'!$Y$2:$Y$49,"G") | G10: =COUNTIF('48对'!$Y$2:$Y$49,"T") | H10: =(E10+F10)/48 | I10: =(D10+E10)/48 | J10: =(D10+G10)/48 | K10: =IF(AND(H10>=0.4,H10<=0.6,I10>=0.4,I10<=0.6,J10>=0.4,J10<=0.6,MIN(D10:G10)>=7.2),"是","否")
A11: 48 组 | B11: i5 | C11: 10 | D11: =COUNTIF('48对'!$Z$2:$Z$49,"A") | E11: =COUNTIF('48对'!$Z$2:$Z$49,"C") | F11: =COUNTIF('48对'!$Z$2:$Z$49,"G") | G11: =COUNTIF('48对'!$Z$2:$Z$49,"T") | H11: =(E11+F11)/48 | I11: =(D11+E11)/48 | J11: =(D11+G11)/48 | K11: =IF(AND(H11>=0.4,H11<=0.6,I11>=0.4,I11<=0.6,J11>=0.4,J11<=0.6,MIN(D11:G11)>=7.2),"是","否")
A12: 48 组 | B12: i7 | C12: 1 | D12: =COUNTIF('48对'!$AA$2:$AA$49,"A") | E12: =COUNTIF('48对'!$AA$2:$AA$49,"C") | F12: =COUNTIF('48对'!$AA$2:$AA$49,"G") | G12: =COUNTIF('48对'!$AA$2:$AA$49,"T") | H12: =(E12+F12)/48 | I12: =(D12+E12)/48 | J12: =(D12+G12)/48 | K12: =IF(AND(H12>=0.4,H12<=0.6,I12>=0.4,I12<=0.6,J12>=0.4,J12<=0.6,MIN(D12:G12)>=7.2),"是","否")
A13: 48 组 | B13: i7 | C13: 2 | D13: =COUNTIF('48对'!$AB$2:$AB$49,"A") | E13: =COUNTIF('48对'!$AB$2:$AB$49,"C") | F13: =COUNTIF('48对'!$AB$2:$AB$49,"G") | G13: =COUNTIF('48对'!$AB$2:$AB$49,"T") | H13: =(E13+F13)/48 | I13: =(D13+E13)/48 | J13: =(D13+G13)/48 | K13: =IF(AND(H13>=0.4,H13<=0.6,I13>=0.4,I13<=0.6,J13>=0.4,J13<=0.6,MIN(D13:G13)>=7.2),"是","否")
A14: 48 组 | B14: i7 | C14: 3 | D14: =COUNTIF('48对'!$AC$2:$AC$49,"A") | E14: =COUNTIF('48对'!$AC$2:$AC$49,"C") | F14: =COUNTIF('48对'!$AC$2:$AC$49,"G") | G14: =COUNTIF('48对'!$AC$2:$AC$49,"T") | H14: =(E14+F14)/48 | I14: =(D14+E14)/48 | J14: =(D14+G14)/48 | K14: =IF(AND(H14>=0.4,H14<=0.6,I14>=0.4,I14<=0.6,J14>=0.4,J14<=0.6,MIN(D14:G14)>=7.2),"是","否")
A15: 48 组 | B15: i7 | C15: 4 | D15: =COUNTIF('48对'!$AD$2:$AD$49,"A") | E15: =COUNTIF('48对'!$AD$2:$AD$49,"C") | F15: =COUNTIF('48对'!$AD$2:$AD$49,"G") | G15: =COUNTIF('48对'!$AD$2:$AD$49,"T") | H15: =(E15+F15)/48 | I15: =(D15+E15)/48 | J15: =(D15+G15)/48 | K15: =IF(AND(H15>=0.4,H15<=0.6,I15>=0.4,I15<=0.6,J15>=0.4,J15<=0.6,MIN(D15:G15)>=7.2),"是","否")
A16: 48 组 | B16: i7 | C16: 5 | D16: =COUNTIF('48对'!$AE$2:$AE$49,"A") | E16: =COUNTIF('48对'!$AE$2:$AE$49,"C") | F16: =COUNTIF('48对'!$AE$2:$AE$49,"G") | G16: =COUNTIF('48对'!$AE$2:$AE$49,"T") | H16: =(E16+F16)/48 | I16: =(D16+E16)/48 | J16: =(D16+G16)/48 | K16: =IF(AND(H16>=0.4,H16<=0.6,I16>=0.4,I16<=0.6,J16>=0.4,J16<=0.6,MIN(D16:G16)>=7.2),"是","否")
A17: 48 组 | B17: i7 | C17: 6 | D17: =COUNTIF('48对'!$AF$2:$AF$49,"A") | E17: =COUNTIF('48对'!$AF$2:$AF$49,"C") | F17: =COUNTIF('48对'!$AF$2:$AF$49,"G") | G17: =COUNTIF('48对'!$AF$2:$AF$49,"T") | H17: =(E17+F17)/48 | I17: =(D17+E17)/48 | J17: =(D17+G17)/48 | K17: =IF(AND(H17>=0.4,H17<=0.6,I17>=0.4,I17<=0.6,J17>=0.4,J17<=0.6,MIN(D17:G17)>=7.2),"是","否")
A18: 48 组 | B18: i7 | C18: 7 | D18: =COUNTIF('48对'!$AG$2:$AG$49,"A") | E18: =COUNTIF('48对'!$AG$2:$AG$49,"C") | F18: =COUNTIF('48对'!$AG$2:$AG$49,"G") | G18: =COUNTIF('48对'!$AG$2:$AG$49,"T") | H18: =(E18+F18)/48 | I18: =(D18+E18)/48 | J18: =(D18+G18)/48 | K18: =IF(AND(H18>=0.4,H18<=0.6,I18>=0.4,I18<=0.6,J18>=0.4,J18<=0.6,MIN(D18:G18)>=7.2),"是","否")
A19: 48 组 | B19: i7 | C19: 8 | D19: =COUNTIF('48对'!$AH$2:$AH$49,"A") | E19: =COUNTIF('48对'!$AH$2:$AH$49,"C") | F19: =COUNTIF('48对'!$AH$2:$AH$49,"G") | G19: =COUNTIF('48对'!$AH$2:$AH$49,"T") | H19: =(E19+F19)/48 | I19: =(D19+E19)/48 | J19: =(D19+G19)/48 | K19: =IF(AND(H19>=0.4,H19<=0.6,I19>=0.4,I19<=0.6,J19>=0.4,J19<=0.6,MIN(D19:G19)>=7.2),"是","否")
A20: 48 组 | B20: i7 | C20: 9 | D20: =COUNTIF('48对'!$AI$2:$AI$49,"A") | E20: =COUNTIF('48对'!$AI$2:$AI$49,"C") | F20: =COUNTIF('48对'!$AI$2:$AI$49,"G") | G20: =COUNTIF('48对'!$AI$2:$AI$49,"T") | H20: =(E20+F20)/48 | I20: =(D20+E20)/48 | J20: =(D20+G20)/48 | K20: =IF(AND(H20>=0.4,H20<=0.6,I20>=0.4,I20<=0.6,J20>=0.4,J20<=0.6,MIN(D20:G20)>=7.2),"是","否")
A21: 48 组 | B21: i7 | C21: 10 | D21: =COUNTIF('48对'!$AJ$2:$AJ$49,"A") | E21: =COUNTIF('48对'!$AJ$2:$AJ$49,"C") | F21: =COUNTIF('48对'!$AJ$2:$AJ$49,"G") | G21: =COUNTIF('48对'!$AJ$2:$AJ$49,"T") | H21: =(E21+F21)/48 | I21: =(D21+E21)/48 | J21: =(D21+G21)/48 | K21: =IF(AND(H21>=0.4,H21<=0.6,I21>=0.4,I21<=0.6,J21>=0.4,J21<=0.6,MIN(D21:G21)>=7.2),"是","否")
